"id";"lang";"label";"type";"code";"iso3"
"Q31354462";"fr";"Abkhazie";"country_name";"NA_ABK";"ABK"
"Q40811";"fr";"Sokhoumi";"capital_city";"CA_ABK";"ABK"
"Q40811";"fr";"Soukhoum";"capital_city";"CA_ABK";"ABK"
"Q40811";"fr";"Soukhoumi";"capital_city";"CA_ABK";"ABK"
"Q40811";"fr";"Suhumi";"capital_city";"CA_ABK";"ABK"
"Q40811";"fr";"Sukhumi";"capital_city";"CA_ABK";"ABK"
"Q40811";"fr";"Tskhoumi";"capital_city";"CA_ABK";"ABK"
"Q5838";"fr";"Kaboul";"capital_city";"CA_AFG";"AFG"
"Q889";"fr";"Afghanistan";"country_name";"NA_AFG";"AFG"
"Q889";"fr";"pays des Cavaliers";"country_name";"NA_AFG";"AFG"
"Q3897";"fr";"Luanda";"capital_city";"CA_AGO";"AGO"
"Q916";"fr";"Angola";"country_name";"NA_AGO";"AGO"
"Q916";"fr";"République d Angola";"country_name";"NA_AGO";"AGO"
"Q19689";"fr";"Tirana";"capital_city";"CA_ALB";"ALB"
"Q19689";"fr";"Tiranë";"capital_city";"CA_ALB";"ALB"
"Q222";"fr";"Albanie";"country_name";"NA_ALB";"ALB"
"Q222";"fr";"la République d Albanie";"country_name";"NA_ALB";"ALB"
"Q222";"fr";"République d Albanie";"country_name";"NA_ALB";"ALB"
"Q1863";"fr";"Andorre-la-Vieille";"capital_city";"CA_AND";"AND"
"Q1863";"fr";"Andorre-la-vieille";"capital_city";"CA_AND";"AND"
"Q228";"fr";"Andorre";"country_name";"NA_AND";"AND"
"Q228";"fr";"la Principauté d Andorre";"country_name";"NA_AND";"AND"
"Q228";"fr";"Principauté d Andorre";"country_name";"NA_AND";"AND"
"Q1519";"fr";"Abou Dabi";"capital_city";"CA_ARE";"ARE"
"Q1519";"fr";"Aboû Dabî";"capital_city";"CA_ARE";"ARE"
"Q1519";"fr";"Abou Dhabi";"capital_city";"CA_ARE";"ARE"
"Q1519";"fr";"Abu Dhabi";"capital_city";"CA_ARE";"ARE"
"Q878";"fr";"É.A.U.";"country_name";"NA_ARE";"ARE"
"Q878";"fr";"Émir. ar. unis";"country_name";"NA_ARE";"ARE"
"Q878";"fr";"Émirats";"country_name";"NA_ARE";"ARE"
"Q878";"fr";"Émirats arabes unis";"country_name";"NA_ARE";"ARE"
"Q878";"fr";"Émirats Arabes Unis";"country_name";"NA_ARE";"ARE"
"Q878";"fr";"les Émirats arabes unis";"country_name";"NA_ARE";"ARE"
"Q1486";"fr";"Buenos Aires";"capital_city";"CA_ARG";"ARG"
"Q414";"fr";"Arg.";"country_name";"NA_ARG";"ARG"
"Q414";"fr";"Argentine";"country_name";"NA_ARG";"ARG"
"Q414";"fr";"la République argentine";"country_name";"NA_ARG";"ARG"
"Q414";"fr";"République argentine";"country_name";"NA_ARG";"ARG"
"Q1953";"fr";"Erevan";"capital_city";"CA_ARM";"ARM"
"Q1953";"fr";"Iérevan";"capital_city";"CA_ARM";"ARM"
"Q1953";"fr";"Yerevan";"capital_city";"CA_ARM";"ARM"
"Q399";"fr";"Arménie";"country_name";"NA_ARM";"ARM"
"Q399";"fr";"la République d Arménie";"country_name";"NA_ARM";"ARM"
"Q36262";"fr";"Saint John s";"capital_city";"CA_ATG";"ATG"
"Q36262";"fr";"St John s";"capital_city";"CA_ATG";"ATG"
"Q36262";"fr";"TAPA";"capital_city";"CA_ATG";"ATG"
"Q781";"fr";"Antigua-et-Barbuda";"country_name";"NA_ATG";"ATG"
"Q781";"fr";"Antigua-et-barbuda";"country_name";"NA_ATG";"ATG"
"Q781";"fr";"Antigue-et-Barbude";"country_name";"NA_ATG";"ATG"
"Q3114";"fr";"Canberra";"capital_city";"CA_AUS";"AUS"
"Q408";"fr";"Austr.";"country_name";"NA_AUS";"AUS"
"Q408";"fr";"Australie";"country_name";"NA_AUS";"AUS"
"Q408";"fr";"le Commonwealth d Australie";"country_name";"NA_AUS";"AUS"
"Q1741";"fr";"Vienne";"capital_city";"CA_AUT";"AUT"
"Q1741";"fr";"Wien";"capital_city";"CA_AUT";"AUT"
"Q40";"fr";"Aut.";"country_name";"NA_AUT";"AUT"
"Q40";"fr";"Autr.";"country_name";"NA_AUT";"AUT"
"Q40";"fr";"Autriche";"country_name";"NA_AUT";"AUT"
"Q40";"fr";"la République d Autriche";"country_name";"NA_AUT";"AUT"
"Q227";"fr";"Azerbaïdjan";"country_name";"NA_AZE";"AZE"
"Q227";"fr";"la République d Azerbaïdjan";"country_name";"NA_AZE";"AZE"
"Q9248";"fr";"Bakou";"capital_city";"CA_AZE";"AZE"
"Q167551";"fr";"Gitega";"capital_city";"CA_BDI";"BDI"
"Q967";"fr";"Burundi";"country_name";"NA_BDI";"BDI"
"Q967";"fr";"la République du Burundi";"country_name";"NA_BDI";"BDI"
"Q967";"fr";"République du Burundi";"country_name";"NA_BDI";"BDI"
"Q239";"fr";"Bruxelles";"capital_city";"CA_BEL";"BEL"
"Q239";"fr";"Bruxelles-Ville";"capital_city";"CA_BEL";"BEL"
"Q239";"fr";"ville de Bruxelles";"capital_city";"CA_BEL";"BEL"
"Q31";"fr";"Belg.";"country_name";"NA_BEL";"BEL"
"Q31";"fr";"Belgique";"country_name";"NA_BEL";"BEL"
"Q31";"fr";"Royaume de Belgique";"country_name";"NA_BEL";"BEL"
"Q3799";"fr";"Porto-Novo";"capital_city";"CA_BEN";"BEN"
"Q962";"fr";"Bénin";"country_name";"NA_BEN";"BEN"
"Q962";"fr";"La République du Bénin";"country_name";"NA_BEN";"BEN"
"Q962";"fr";"la République du Bénin";"country_name";"NA_BEN";"BEN"
"Q3777";"fr";"Ouagadougou";"capital_city";"CA_BFA";"BFA"
"Q965";"fr";"Burk. F.";"country_name";"NA_BFA";"BFA"
"Q965";"fr";"Burk. Faso";"country_name";"NA_BFA";"BFA"
"Q965";"fr";"Burkina";"country_name";"NA_BFA";"BFA"
"Q965";"fr";"Burkina Faso";"country_name";"NA_BFA";"BFA"
"Q965";"fr";"le Burkina Faso";"country_name";"NA_BFA";"BFA"
"Q1354";"fr";"Dacca";"capital_city";"CA_BGD";"BGD"
"Q1354";"fr";"Dhaka";"capital_city";"CA_BGD";"BGD"
"Q902";"fr";"Bangladesh";"country_name";"NA_BGD";"BGD"
"Q902";"fr";"la République populaire du Bangladesh";"country_name";"NA_BGD";"BGD"
"Q219";"fr";"Bulg.";"country_name";"NA_BGR";"BGR"
"Q219";"fr";"Bulgarie";"country_name";"NA_BGR";"BGR"
"Q219";"fr";"la République de Bulgarie";"country_name";"NA_BGR";"BGR"
"Q472";"fr";"Sofia";"capital_city";"CA_BGR";"BGR"
"Q3882";"fr";"Manama";"capital_city";"CA_BHR";"BHR"
"Q398";"fr";"Bahreïn";"country_name";"NA_BHR";"BHR"
"Q398";"fr";"le Royaume de Bahreïn";"country_name";"NA_BHR";"BHR"
"Q398";"fr";"Royaume de Bahreïn";"country_name";"NA_BHR";"BHR"
"Q2467";"fr";"Nassau";"capital_city";"CA_BHS";"BHS"
"Q778";"fr";"Bahamas";"country_name";"NA_BHS";"BHS"
"Q778";"fr";"le Commonwealth des Bahamas";"country_name";"NA_BHS";"BHS"
"Q778";"fr";"Les Bahamas";"country_name";"NA_BHS";"BHS"
"Q11194";"fr";"Sarajevo";"capital_city";"CA_BIH";"BIH"
"Q225";"fr";"Bosnie et Herzégovine";"country_name";"NA_BIH";"BIH"
"Q225";"fr";"Bosnie-et-Herzégovine";"country_name";"NA_BIH";"BIH"
"Q225";"fr";"Bosnie-Herzégovine";"country_name";"NA_BIH";"BIH"
"Q225";"fr";"Bosnie-herzégovine";"country_name";"NA_BIH";"BIH"
"Q225";"fr";"la Bosnie-Herzégovine";"country_name";"NA_BIH";"BIH"
"Q184";"fr";"Belarus";"country_name";"NA_BLR";"BLR"
"Q184";"fr";"Bélarus";"country_name";"NA_BLR";"BLR"
"Q184";"fr";"Biélor.";"country_name";"NA_BLR";"BLR"
"Q184";"fr";"Biélorussie";"country_name";"NA_BLR";"BLR"
"Q184";"fr";"la République de Biélorussie";"country_name";"NA_BLR";"BLR"
"Q2280";"fr";"Minsk";"capital_city";"CA_BLR";"BLR"
"Q242";"fr";"Belize";"country_name";"NA_BLZ";"BLZ"
"Q242";"fr";"Bélize";"country_name";"NA_BLZ";"BLZ"
"Q242";"fr";"le Bélize";"country_name";"NA_BLZ";"BLZ"
"Q3043";"fr";"Belmopan";"capital_city";"CA_BLZ";"BLZ"
"Q3043";"fr";"Belmopán";"capital_city";"CA_BLZ";"BLZ"
"Q1491";"fr";"La Paz";"capital_city";"CA_BOL";"BOL"
"Q750";"fr";"Bolivie";"country_name";"NA_BOL";"BOL"
"Q750";"fr";"l État plurinational de Bolivie";"country_name";"NA_BOL";"BOL"
"Q155";"fr";"Amérique lusophone";"country_name";"NA_BRA";"BRA"
"Q155";"fr";"Auriverde";"country_name";"NA_BRA";"BRA"
"Q155";"fr";"Brasil";"country_name";"NA_BRA";"BRA"
"Q155";"fr";"Brazil";"country_name";"NA_BRA";"BRA"
"Q155";"fr";"Bré.";"country_name";"NA_BRA";"BRA"
"Q155";"fr";"Brés.";"country_name";"NA_BRA";"BRA"
"Q155";"fr";"Brésil";"country_name";"NA_BRA";"BRA"
"Q155";"fr";"Brésilien";"country_name";"NA_BRA";"BRA"
"Q155";"fr";"Brésilienne";"country_name";"NA_BRA";"BRA"
"Q155";"fr";"Brézil";"country_name";"NA_BRA";"BRA"
"Q155";"fr";"la République fédérative du Brésil";"country_name";"NA_BRA";"BRA"
"Q155";"fr";"République des États-Unis du Brésil";"country_name";"NA_BRA";"BRA"
"Q155";"fr";"République fédérative du Brésil";"country_name";"NA_BRA";"BRA"
"Q2844";"fr";"Brasilia";"capital_city";"CA_BRA";"BRA"
"Q244";"fr";"Barbade";"country_name";"NA_BRB";"BRB"
"Q244";"fr";"la Barbade";"country_name";"NA_BRB";"BRB"
"Q36168";"fr";"Bridgetown";"capital_city";"CA_BRB";"BRB"
"Q921";"fr";"Brunei";"country_name";"NA_BRN";"BRN"
"Q921";"fr";"Brunéi";"country_name";"NA_BRN";"BRN"
"Q921";"fr";"Brunei Darussalam";"country_name";"NA_BRN";"BRN"
"Q921";"fr";"Brunéi Darussalam";"country_name";"NA_BRN";"BRN"
"Q921";"fr";"le Brunei Darussalam";"country_name";"NA_BRN";"BRN"
"Q9279";"fr";"Bandar Seri Begawan";"capital_city";"CA_BRN";"BRN"
"Q917";"fr";"Bhoutan";"country_name";"NA_BTN";"BTN"
"Q917";"fr";"le Royaume du Bhoutan";"country_name";"NA_BTN";"BTN"
"Q9270";"fr";"Thimphou";"capital_city";"CA_BTN";"BTN"
"Q3919";"fr";"Gaborone";"capital_city";"CA_BWA";"BWA"
"Q963";"fr";"Botswana";"country_name";"NA_BWA";"BWA"
"Q963";"fr";"la République du Botswana";"country_name";"NA_BWA";"BWA"
"Q3832";"fr";"Bangui";"capital_city";"CA_CAF";"CAF"
"Q929";"fr";"Centrafrique";"country_name";"NA_CAF";"CAF"
"Q929";"fr";"la République centrafricaine";"country_name";"NA_CAF";"CAF"
"Q929";"fr";"République centrafricaine";"country_name";"NA_CAF";"CAF"
"Q16";"fr";"Can.";"country_name";"NA_CAN";"CAN"
"Q16";"fr";"Canada";"country_name";"NA_CAN";"CAN"
"Q16";"fr";"le Canada";"country_name";"NA_CAN";"CAN"
"Q1930";"fr";"Bytown";"capital_city";"CA_CAN";"CAN"
"Q1930";"fr";"Ottawa";"capital_city";"CA_CAN";"CAN"
"Q39";"fr";"Confédération helvétique";"country_name";"NA_CHE";"CHE"
"Q39";"fr";"Confédération suisse";"country_name";"NA_CHE";"CHE"
"Q39";"fr";"Helvétie";"country_name";"NA_CHE";"CHE"
"Q39";"fr";"la Confédération suisse";"country_name";"NA_CHE";"CHE"
"Q39";"fr";"Suisse";"country_name";"NA_CHE";"CHE"
"Q70";"fr";"Bern";"capital_city";"CA_CHE";"CHE"
"Q70";"fr";"Berne";"capital_city";"CA_CHE";"CHE"
"Q2887";"fr";"Santiago";"capital_city";"CA_CHL";"CHL"
"Q2887";"fr";"Santiago du Chili";"capital_city";"CA_CHL";"CHL"
"Q298";"fr";"Chili";"country_name";"NA_CHL";"CHL"
"Q298";"fr";"la République du Chili";"country_name";"NA_CHL";"CHL"
"Q148";"fr";"Chine";"country_name";"NA_CHN";"CHN"
"Q148";"fr";"Chine communiste";"country_name";"NA_CHN";"CHN"
"Q148";"fr";"Chine continentale";"country_name";"NA_CHN";"CHN"
"Q148";"fr";"Chine populaire";"country_name";"NA_CHN";"CHN"
"Q148";"fr";"la République populaire de Chine";"country_name";"NA_CHN";"CHN"
"Q148";"fr";"République populaire de Chine";"country_name";"NA_CHN";"CHN"
"Q956";"fr";"Beijing";"capital_city";"CA_CHN";"CHN"
"Q956";"fr";"Pékin";"capital_city";"CA_CHN";"CHN"
"Q1008";"fr";"Côte d Ivoire";"country_name";"NA_CIV";"CIV"
"Q1008";"fr";"Côte D ivoire";"country_name";"NA_CIV";"CIV"
"Q1008";"fr";"Côte-d Ivoire";"country_name";"NA_CIV";"CIV"
"Q1008";"fr";"la République de Côte d Ivoire";"country_name";"NA_CIV";"CIV"
"Q3768";"fr";"Yamoussoukro";"capital_city";"CA_CIV";"CIV"
"Q1009";"fr";"Cameroun";"country_name";"NA_CMR";"CMR"
"Q1009";"fr";"la République du Cameroun";"country_name";"NA_CMR";"CMR"
"Q1009";"fr";"République du Cameroun";"country_name";"NA_CMR";"CMR"
"Q3808";"fr";"Yaoundé";"capital_city";"CA_CMR";"CMR"
"Q3808";"fr";"Yaounde, Ongola";"capital_city";"CA_CMR";"CMR"
"Q3838";"fr";"Kinshasa";"capital_city";"CA_COD";"COD"
"Q3838";"fr";"Léopoldville";"capital_city";"CA_COD";"COD"
"Q974";"fr";"Congo-Kinshasa";"country_name";"NA_COD";"COD"
"Q974";"fr";"la République démocratique du Congo";"country_name";"NA_COD";"COD"
"Q974";"fr";"RD Congo";"country_name";"NA_COD";"COD"
"Q974";"fr";"République démocratique du Congo";"country_name";"NA_COD";"COD"
"Q3844";"fr";"Brazzaville";"capital_city";"CA_COG";"COG"
"Q971";"fr";"Congo";"country_name";"NA_COG";"COG"
"Q971";"fr";"Congo-Brazzaville";"country_name";"NA_COG";"COG"
"Q971";"fr";"République du Congo";"country_name";"NA_COG";"COG"
"Q2841";"fr";"Bogota";"capital_city";"CA_COL";"COL"
"Q2841";"fr";"Bogotá";"capital_city";"CA_COL";"COL"
"Q2841";"fr";"Bogotá D.C.";"capital_city";"CA_COL";"COL"
"Q2841";"fr";"Santa Fe de Bogotá";"capital_city";"CA_COL";"COL"
"Q739";"fr";"Col.";"country_name";"NA_COL";"COL"
"Q739";"fr";"Colombie";"country_name";"NA_COL";"COL"
"Q739";"fr";"la République de Colombie";"country_name";"NA_COL";"COL"
"Q739";"fr";"République de Colombie";"country_name";"NA_COL";"COL"
"Q3901";"fr";"Moroni";"capital_city";"CA_COM";"COM"
"Q970";"fr";"Comores";"country_name";"NA_COM";"COM"
"Q970";"fr";"l Union des Comores";"country_name";"NA_COM";"COM"
"Q970";"fr";"Union des Comores";"country_name";"NA_COM";"COM"
"Q1011";"fr";"Cabo Verde";"country_name";"NA_CPV";"CPV"
"Q1011";"fr";"Cap-V.";"country_name";"NA_CPV";"CPV"
"Q1011";"fr";"Cap-Vert";"country_name";"NA_CPV";"CPV"
"Q1011";"fr";"Cap-vert";"country_name";"NA_CPV";"CPV"
"Q1011";"fr";"îles du Cap-Vert";"country_name";"NA_CPV";"CPV"
"Q1011";"fr";"la République du Cap-Vert";"country_name";"NA_CPV";"CPV"
"Q3751";"fr";"Praia";"capital_city";"CA_CPV";"CPV"
"Q3070";"fr";"San Jose";"capital_city";"CA_CRI";"CRI"
"Q3070";"fr";"San José";"capital_city";"CA_CRI";"CRI"
"Q3070";"fr";"San José (Costa Rica)";"capital_city";"CA_CRI";"CRI"
"Q800";"fr";"Costa Rica";"country_name";"NA_CRI";"CRI"
"Q800";"fr";"Costa-Rica";"country_name";"NA_CRI";"CRI"
"Q800";"fr";"la République du Costa Rica";"country_name";"NA_CRI";"CRI"
"Q1563";"fr";"La Havane";"capital_city";"CA_CUB";"CUB"
"Q241";"fr";"Cuba";"country_name";"NA_CUB";"CUB"
"Q241";"fr";"la République de Cuba";"country_name";"NA_CUB";"CUB"
"Q23681";"fr";"Chypre du Nord";"country_name";"CA_CYN";"CYN"
"Q23681";"fr";"Chypre Nord";"country_name";"CA_CYN";"CYN"
"Q23681";"fr";"Chypre-Nord";"country_name";"CA_CYN";"CYN"
"Q23681";"fr";"État chypriote turc";"country_name";"CA_CYN";"CYN"
"Q23681";"fr";"État turc de Chypre";"country_name";"CA_CYN";"CYN"
"Q23681";"fr";"République turque de Chypre du nord";"country_name";"CA_CYN";"CYN"
"Q229";"fr";"Chypre";"country_name";"NA_CYP";"CYP"
"Q229";"fr";"Chypre-Sud";"country_name";"NA_CYP";"CYP"
"Q229";"fr";"Chypriotes";"country_name";"NA_CYP";"CYP"
"Q229";"fr";"République de Chypre";"country_name";"NA_CYP";"CYP"
"Q229";"fr";"république de Chypre";"country_name";"NA_CYP";"CYP"
"Q3856";"fr";"Nicosie";"capital_city";"CA_CYP";"CYP"
"Q1085";"fr";"Prague";"capital_city";"CA_CZE";"CZE"
"Q213";"fr";"Bohémie";"country_name";"NA_CZE";"CZE"
"Q213";"fr";"la République tchèque";"country_name";"NA_CZE";"CZE"
"Q213";"fr";"Rép. tch.";"country_name";"NA_CZE";"CZE"
"Q213";"fr";"République tchèque";"country_name";"NA_CZE";"CZE"
"Q213";"fr";"Tchéquie";"country_name";"NA_CZE";"CZE"
"Q183";"fr";"All.";"country_name";"NA_DEU";"DEU"
"Q183";"fr";"Allemagne";"country_name";"NA_DEU";"DEU"
"Q183";"fr";"BR Deutschland";"country_name";"NA_DEU";"DEU"
"Q183";"fr";"Bundesrepublik Deutschland";"country_name";"NA_DEU";"DEU"
"Q183";"fr";"Deutschland";"country_name";"NA_DEU";"DEU"
"Q183";"fr";"la République fédérale d Allemagne";"country_name";"NA_DEU";"DEU"
"Q183";"fr";"R. F. A.";"country_name";"NA_DEU";"DEU"
"Q183";"fr";"République fédérale allemande";"country_name";"NA_DEU";"DEU"
"Q183";"fr";"République fédérale d Allemagne";"country_name";"NA_DEU";"DEU"
"Q64";"fr";"Berlin";"capital_city";"CA_DEU";"DEU"
"Q977";"fr";"Djibouti";"country_name";"NA_DJI";"DJI"
"Q977";"fr";"la République de Djibouti";"country_name";"NA_DJI";"DJI"
"Q36281";"fr";"Roseau";"capital_city";"CA_DMA";"DMA"
"Q784";"fr";"Dominica";"country_name";"NA_DMA";"DMA"
"Q784";"fr";"Dominique";"country_name";"NA_DMA";"DMA"
"Q784";"fr";"le Commonwealth de Dominique";"country_name";"NA_DMA";"DMA"
"Q1748";"fr";"Copenhague";"capital_city";"CA_DNK";"DNK"
"Q1748";"fr";"København";"capital_city";"CA_DNK";"DNK"
"Q35";"fr";"Dan.";"country_name";"NA_DNK";"DNK"
"Q35";"fr";"Danemark";"country_name";"NA_DNK";"DNK"
"Q35";"fr";"Danemark métropolitain";"country_name";"NA_DNK";"DNK"
"Q35";"fr";"Danemark propre";"country_name";"NA_DNK";"DNK"
"Q35";"fr";"royaume du Danemark";"country_name";"NA_DNK";"DNK"
"Q34820";"fr";"Ciudad Trujillo";"capital_city";"CA_DOM";"DOM"
"Q34820";"fr";"Saint Domingue";"capital_city";"CA_DOM";"DOM"
"Q34820";"fr";"Saint-Domingue";"capital_city";"CA_DOM";"DOM"
"Q34820";"fr";"Saint-domingue";"capital_city";"CA_DOM";"DOM"
"Q34820";"fr";"San Domingo";"capital_city";"CA_DOM";"DOM"
"Q34820";"fr";"Santo Domingo de Guzmán";"capital_city";"CA_DOM";"DOM"
"Q34820";"fr";"Santo Dominguo";"capital_city";"CA_DOM";"DOM"
"Q34820";"fr";"Santo-Domingo";"capital_city";"CA_DOM";"DOM"
"Q34820";"fr";"Ville de Saint-Domingue";"capital_city";"CA_DOM";"DOM"
"Q786";"fr";"la République dominicaine";"country_name";"NA_DOM";"DOM"
"Q786";"fr";"République dominicaine";"country_name";"NA_DOM";"DOM"
"Q262";"fr";"Alg.";"country_name";"NA_DZA";"DZA"
"Q262";"fr";"Algerie";"country_name";"NA_DZA";"DZA"
"Q262";"fr";"Algérie";"country_name";"NA_DZA";"DZA"
"Q262";"fr";"la République algérienne démocratique populaire";"country_name";"NA_DZA";"DZA"
"Q262";"fr";"RADP";"country_name";"NA_DZA";"DZA"
"Q262";"fr";"République algérienne démocratique et populaire";"country_name";"NA_DZA";"DZA"
"Q3561";"fr";"Alger";"capital_city";"CA_DZA";"DZA"
"Q2900";"fr";"Quito";"capital_city";"CA_ECU";"ECU"
"Q2900";"fr";"San Francisco de Quito";"capital_city";"CA_ECU";"ECU"
"Q736";"fr";"Équateur";"country_name";"NA_ECU";"ECU"
"Q736";"fr";"L Équateur";"country_name";"NA_ECU";"ECU"
"Q736";"fr";"la République d Équateur";"country_name";"NA_ECU";"ECU"
"Q736";"fr";"République d Équateur";"country_name";"NA_ECU";"ECU"
"Q736";"fr";"République de l Équateur";"country_name";"NA_ECU";"ECU"
"Q79";"fr";"Egypte";"country_name";"NA_EGY";"EGY"
"Q79";"fr";"Égypte";"country_name";"NA_EGY";"EGY"
"Q79";"fr";"la République arabe d Égypte";"country_name";"NA_EGY";"EGY"
"Q85";"fr";"Caire";"capital_city";"CA_EGY";"EGY"
"Q85";"fr";"Cairo";"capital_city";"CA_EGY";"EGY"
"Q85";"fr";"Le Caire";"capital_city";"CA_EGY";"EGY"
"Q85";"fr";"Le Kaire";"capital_city";"CA_EGY";"EGY"
"Q3642";"fr";"Asmara";"capital_city";"CA_ERI";"ERI"
"Q3642";"fr";"Asmera";"capital_city";"CA_ERI";"ERI"
"Q986";"fr";"Erythrée";"country_name";"NA_ERI";"ERI"
"Q986";"fr";"Érythrée";"country_name";"NA_ERI";"ERI"
"Q986";"fr";"État d Érythrée";"country_name";"NA_ERI";"ERI"
"Q6250";"fr";"Sahara occidental";"country_name";"NA_ESH";"ESH"
"Q2807";"fr";"Madrid";"capital_city";"CA_ESP";"ESP"
"Q2807";"fr";"Madrid (Espagne)";"capital_city";"CA_ESP";"ESP"
"Q2807";"fr";"Ville de Madrid";"capital_city";"CA_ESP";"ESP"
"Q29";"fr";"Esp.";"country_name";"NA_ESP";"ESP"
"Q29";"fr";"Espagne";"country_name";"NA_ESP";"ESP"
"Q29";"fr";"État espagnol";"country_name";"NA_ESP";"ESP"
"Q29";"fr";"Royaume d Espagne";"country_name";"NA_ESP";"ESP"
"Q1770";"fr";"Reval";"capital_city";"CA_EST";"EST"
"Q1770";"fr";"Tallinn";"capital_city";"CA_EST";"EST"
"Q191";"fr";"Esthonie";"country_name";"NA_EST";"EST"
"Q191";"fr";"Estonie";"country_name";"NA_EST";"EST"
"Q191";"fr";"la République d Estonie";"country_name";"NA_EST";"EST"
"Q191";"fr";"République d Estonie";"country_name";"NA_EST";"EST"
"Q115";"fr";"Éthiopie";"country_name";"NA_ETH";"ETH"
"Q115";"fr";"la République démocratique fédérale d Éthiopie";"country_name";"NA_ETH";"ETH"
"Q115";"fr";"République fédérale démocratique d Éthiopie";"country_name";"NA_ETH";"ETH"
"Q3624";"fr";"Addis Abäba";"capital_city";"CA_ETH";"ETH"
"Q3624";"fr";"Addis Abeba";"capital_city";"CA_ETH";"ETH"
"Q3624";"fr";"Addis-Abeba";"capital_city";"CA_ETH";"ETH"
"Q3624";"fr";"Finfinne";"capital_city";"CA_ETH";"ETH"
"Q1757";"fr";"Helsingfors";"capital_city";"CA_FIN";"FIN"
"Q1757";"fr";"Helsinki";"capital_city";"CA_FIN";"FIN"
"Q33";"fr";"Fin.";"country_name";"NA_FIN";"FIN"
"Q33";"fr";"Finl.";"country_name";"NA_FIN";"FIN"
"Q33";"fr";"Finlande";"country_name";"NA_FIN";"FIN"
"Q33";"fr";"la République de Finlande";"country_name";"NA_FIN";"FIN"
"Q38807";"fr";"Suva";"capital_city";"CA_FJI";"FJI"
"Q712";"fr";"Fidji";"country_name";"NA_FJI";"FJI"
"Q712";"fr";"Fiji";"country_name";"NA_FJI";"FJI"
"Q712";"fr";"îles Fidji";"country_name";"NA_FJI";"FJI"
"Q712";"fr";"îles Fiji";"country_name";"NA_FJI";"FJI"
"Q712";"fr";"la République des Fidji";"country_name";"NA_FJI";"FJI"
"Q712";"fr";"République des Fidji";"country_name";"NA_FJI";"FJI"
"Q712";"fr";"République des îles Fidji";"country_name";"NA_FJI";"FJI"
"Q142";"fr";"Fille aînée de l Église";"country_name";"NA_FRA";"FRA"
"Q142";"fr";"France";"country_name";"NA_FRA";"FRA"
"Q142";"fr";"L Hexagone";"country_name";"NA_FRA";"FRA"
"Q142";"fr";"La France";"country_name";"NA_FRA";"FRA"
"Q142";"fr";"la République française";"country_name";"NA_FRA";"FRA"
"Q142";"fr";"Pays de Molière";"country_name";"NA_FRA";"FRA"
"Q142";"fr";"République française";"country_name";"NA_FRA";"FRA"
"Q90";"fr";"Lutèce";"capital_city";"CA_FRA";"FRA"
"Q90";"fr";"Paname";"capital_city";"CA_FRA";"FRA"
"Q90";"fr";"Paris";"capital_city";"CA_FRA";"FRA"
"Q90";"fr";"Ville de l Amour";"capital_city";"CA_FRA";"FRA"
"Q90";"fr";"Ville-Lumière";"capital_city";"CA_FRA";"FRA"
"Q42751";"fr";"Palikir";"capital_city";"CA_FSM";"FSM"
"Q702";"fr";"États fédérés de Micronésie";"country_name";"NA_FSM";"FSM"
"Q702";"fr";"les États fédérés de Micronésie";"country_name";"NA_FSM";"FSM"
"Q702";"fr";"Micronésie";"country_name";"NA_FSM";"FSM"
"Q1000";"fr";"Gabon";"country_name";"NA_GAB";"GAB"
"Q1000";"fr";"la République gabonaise";"country_name";"NA_GAB";"GAB"
"Q1000";"fr";"République gabonaise";"country_name";"NA_GAB";"GAB"
"Q3825";"fr";"Libreville";"capital_city";"CA_GAB";"GAB"
"Q145";"fr";"Grande-Bretagne";"country_name";"NA_GBR";"GBR"
"Q145";"fr";"le Royaume-Uni de Grande-Bretagne et d Irlande du Nord";"country_name";"NA_GBR";"GBR"
"Q145";"fr";"R.-U.";"country_name";"NA_GBR";"GBR"
"Q145";"fr";"R.U.";"country_name";"NA_GBR";"GBR"
"Q145";"fr";"Royaume Uni";"country_name";"NA_GBR";"GBR"
"Q145";"fr";"Royaume-Uni";"country_name";"NA_GBR";"GBR"
"Q145";"fr";"Royaume-uni";"country_name";"NA_GBR";"GBR"
"Q145";"fr";"Royaume-Uni de Grande-Bretagne et d Irlande du Nord";"country_name";"NA_GBR";"GBR"
"Q84";"fr";"London";"capital_city";"CA_GBR";"GBR"
"Q84";"fr";"Londres";"capital_city";"CA_GBR";"GBR"
"Q230";"fr";"Géorg.";"country_name";"NA_GEO";"GEO"
"Q230";"fr";"Géorgie";"country_name";"NA_GEO";"GEO"
"Q230";"fr";"Géorgie (Pays)";"country_name";"NA_GEO";"GEO"
"Q230";"fr";"république de Géorgie";"country_name";"NA_GEO";"GEO"
"Q994";"fr";"Tbilissi";"capital_city";"CA_GEO";"GEO"
"Q994";"fr";"Tiflis";"capital_city";"CA_GEO";"GEO"
"Q117";"fr";"Ghana";"country_name";"NA_GHA";"GHA"
"Q117";"fr";"la République du Ghana";"country_name";"NA_GHA";"GHA"
"Q117";"fr";"République du Ghana";"country_name";"NA_GHA";"GHA"
"Q3761";"fr";"Accra";"capital_city";"CA_GHA";"GHA"
"Q1006";"fr";"Guinée";"country_name";"NA_GIN";"GIN"
"Q1006";"fr";"Guinée-Conakry";"country_name";"NA_GIN";"GIN"
"Q1006";"fr";"la République de Guinée";"country_name";"NA_GIN";"GIN"
"Q1006";"fr";"République de Guinée";"country_name";"NA_GIN";"GIN"
"Q3733";"fr";"Conakry";"capital_city";"CA_GIN";"GIN"
"Q1005";"fr";"Gambie";"country_name";"NA_GMB";"GMB"
"Q1005";"fr";"la République de Gambie";"country_name";"NA_GMB";"GMB"
"Q3726";"fr";"Banjul";"capital_city";"CA_GMB";"GMB"
"Q1007";"fr";"Guinée Bissau";"country_name";"NA_GNB";"GNB"
"Q1007";"fr";"Guinée-Bissao";"country_name";"NA_GNB";"GNB"
"Q1007";"fr";"Guinée-bissao";"country_name";"NA_GNB";"GNB"
"Q1007";"fr";"Guinée-Bissau";"country_name";"NA_GNB";"GNB"
"Q1007";"fr";"la République de Guinée-Bissao";"country_name";"NA_GNB";"GNB"
"Q1007";"fr";"la République de Guinée-Bissau";"country_name";"NA_GNB";"GNB"
"Q3739";"fr";"Bissao";"capital_city";"CA_GNB";"GNB"
"Q3739";"fr";"Bissau";"capital_city";"CA_GNB";"GNB"
"Q3818";"fr";"Malabo";"capital_city";"CA_GNQ";"GNQ"
"Q983";"fr";"Guinée équatoriale";"country_name";"NA_GNQ";"GNQ"
"Q983";"fr";"Guinée Équatoriale";"country_name";"NA_GNQ";"GNQ"
"Q983";"fr";"Guinée-Équatoriale";"country_name";"NA_GNQ";"GNQ"
"Q983";"fr";"la République de Guinée équatoriale";"country_name";"NA_GNQ";"GNQ"
"Q1524";"fr";"Athenes";"capital_city";"CA_GRC";"GRC"
"Q1524";"fr";"Athènes";"capital_city";"CA_GRC";"GRC"
"Q41";"fr";"Grèce";"country_name";"NA_GRC";"GRC"
"Q41";"fr";"République hellénique";"country_name";"NA_GRC";"GRC"
"Q41547";"fr";"Saint George s";"capital_city";"CA_GRD";"GRD"
"Q41547";"fr";"Saint-Georges";"capital_city";"CA_GRD";"GRD"
"Q41547";"fr";"Saint-georges";"capital_city";"CA_GRD";"GRD"
"Q41547";"fr";"St. George s";"capital_city";"CA_GRD";"GRD"
"Q769";"fr";"Grenade";"country_name";"NA_GRD";"GRD"
"Q769";"fr";"la Grenade";"country_name";"NA_GRD";"GRD"
"Q1555";"fr";"Guatemala-Ville";"capital_city";"CA_GTM";"GTM"
"Q774";"fr";"Guatemala";"country_name";"NA_GTM";"GTM"
"Q774";"fr";"Guatémala";"country_name";"NA_GTM";"GTM"
"Q774";"fr";"République du Guatémala";"country_name";"NA_GTM";"GTM"
"Q10717";"fr";"Georgetown";"capital_city";"CA_GUY";"GUY"
"Q734";"fr";"Guyana";"country_name";"NA_GUY";"GUY"
"Q734";"fr";"la République coopérative du Guyana";"country_name";"NA_GUY";"GUY"
"Q3238";"fr";"Tegucigalpa";"capital_city";"CA_HND";"HND"
"Q783";"fr";"Honduras";"country_name";"NA_HND";"HND"
"Q783";"fr";"la République du Honduras";"country_name";"NA_HND";"HND"
"Q1435";"fr";"Zagreb";"capital_city";"CA_HRV";"HRV"
"Q224";"fr";"Croatie";"country_name";"NA_HRV";"HRV"
"Q224";"fr";"la République de Croatie";"country_name";"NA_HRV";"HRV"
"Q34261";"fr";"Port au Prince";"capital_city";"CA_HTI";"HTI"
"Q34261";"fr";"Port-au-Prince";"capital_city";"CA_HTI";"HTI"
"Q34261";"fr";"Port-au-prince";"capital_city";"CA_HTI";"HTI"
"Q34261";"fr";"Port-Républicain";"capital_city";"CA_HTI";"HTI"
"Q790";"fr";"Haïti";"country_name";"NA_HTI";"HTI"
"Q790";"fr";"la République d Haïti";"country_name";"NA_HTI";"HTI"
"Q790";"fr";"République d Haïti";"country_name";"NA_HTI";"HTI"
"Q1781";"fr";"Budapest";"capital_city";"CA_HUN";"HUN"
"Q28";"fr";"Hongrie";"country_name";"NA_HUN";"HUN"
"Q28";"fr";"la Hongrie";"country_name";"NA_HUN";"HUN"
"Q252";"fr";"Indonésie";"country_name";"NA_IDN";"IDN"
"Q252";"fr";"la République d Indonésie";"country_name";"NA_IDN";"IDN"
"Q3630";"fr";"Batavia";"capital_city";"CA_IDN";"IDN"
"Q3630";"fr";"Djakarta";"capital_city";"CA_IDN";"IDN"
"Q3630";"fr";"Jakarta";"capital_city";"CA_IDN";"IDN"
"Q668";"fr";"Bharat";"country_name";"NA_IND";"IND"
"Q668";"fr";"Bharatvarsh";"country_name";"NA_IND";"IND"
"Q668";"fr";"Hindustan";"country_name";"NA_IND";"IND"
"Q668";"fr";"Inde";"country_name";"NA_IND";"IND"
"Q668";"fr";"la République de l Inde";"country_name";"NA_IND";"IND"
"Q668";"fr";"République d Inde";"country_name";"NA_IND";"IND"
"Q987";"fr";"New Delhi";"capital_city";"CA_IND";"IND"
"Q987";"fr";"Nouvelle Delhi";"capital_city";"CA_IND";"IND"
"Q987";"fr";"Nouvelle-Delhi";"capital_city";"CA_IND";"IND"
"Q1761";"fr";"Baile Átha Cliath";"capital_city";"CA_IRL";"IRL"
"Q1761";"fr";"Dublin";"capital_city";"CA_IRL";"IRL"
"Q27";"fr";"Éire";"country_name";"NA_IRL";"IRL"
"Q27";"fr";"Ireland";"country_name";"NA_IRL";"IRL"
"Q27";"fr";"Irl.";"country_name";"NA_IRL";"IRL"
"Q27";"fr";"Irlande";"country_name";"NA_IRL";"IRL"
"Q27";"fr";"l Irlande";"country_name";"NA_IRL";"IRL"
"Q27";"fr";"République d Irlande";"country_name";"NA_IRL";"IRL"
"Q3616";"fr";"Téhéran";"capital_city";"CA_IRN";"IRN"
"Q794";"fr";"Iran";"country_name";"NA_IRN";"IRN"
"Q794";"fr";"la République islamique d Iran";"country_name";"NA_IRN";"IRN"
"Q794";"fr";"Perse";"country_name";"NA_IRN";"IRN"
"Q794";"fr";"République islamique d Iran";"country_name";"NA_IRN";"IRN"
"Q1530";"fr";"Bagdad";"capital_city";"CA_IRQ";"IRQ"
"Q796";"fr";"Al-Iraq";"country_name";"NA_IRQ";"IRQ"
"Q796";"fr";"Irak";"country_name";"NA_IRQ";"IRQ"
"Q796";"fr";"Iraq";"country_name";"NA_IRQ";"IRQ"
"Q796";"fr";"République d Irak";"country_name";"NA_IRQ";"IRQ"
"Q1764";"fr";"Reykjavik";"capital_city";"CA_ISL";"ISL"
"Q1764";"fr";"Reykjavík";"capital_city";"CA_ISL";"ISL"
"Q189";"fr";"Isl.";"country_name";"NA_ISL";"ISL"
"Q189";"fr";"Islande";"country_name";"NA_ISL";"ISL"
"Q189";"fr";"la République d Islande";"country_name";"NA_ISL";"ISL"
"Q189";"fr";"République d Islande";"country_name";"NA_ISL";"ISL"
"Q1218";"fr";"Al Quds";"capital_city";"CA_ISR";"ISR"
"Q1218";"fr";"Hiérosolyme";"capital_city";"CA_ISR";"ISR"
"Q1218";"fr";"Jerusalem";"capital_city";"CA_ISR";"ISR"
"Q1218";"fr";"Jérusalem";"capital_city";"CA_ISR";"ISR"
"Q1218";"fr";"Salem";"capital_city";"CA_ISR";"ISR"
"Q1218";"fr";"Solyme";"capital_city";"CA_ISR";"ISR"
"Q1218";"fr";"Yerushaláyim";"capital_city";"CA_ISR";"ISR"
"Q801";"fr";"État d Israël";"country_name";"NA_ISR";"ISR"
"Q801";"fr";"Isr.";"country_name";"NA_ISR";"ISR"
"Q801";"fr";"Israel";"country_name";"NA_ISR";"ISR"
"Q801";"fr";"Israël";"country_name";"NA_ISR";"ISR"
"Q801";"fr";"l État d Israël";"country_name";"NA_ISR";"ISR"
"Q220";"fr";"La ville aux sept collines";"capital_city";"CA_ITA";"ITA"
"Q220";"fr";"La ville éternelle";"capital_city";"CA_ITA";"ITA"
"Q220";"fr";"Roma";"capital_city";"CA_ITA";"ITA"
"Q220";"fr";"Rome";"capital_city";"CA_ITA";"ITA"
"Q38";"fr";"Ita.";"country_name";"NA_ITA";"ITA"
"Q38";"fr";"Ital.";"country_name";"NA_ITA";"ITA"
"Q38";"fr";"Italia";"country_name";"NA_ITA";"ITA"
"Q38";"fr";"Italie";"country_name";"NA_ITA";"ITA"
"Q38";"fr";"la République italienne";"country_name";"NA_ITA";"ITA"
"Q38";"fr";"République Italienne";"country_name";"NA_ITA";"ITA"
"Q34692";"fr";"Kingston";"capital_city";"CA_JAM";"JAM"
"Q34692";"fr";"Tinson";"capital_city";"CA_JAM";"JAM"
"Q766";"fr";"Jamaique";"country_name";"NA_JAM";"JAM"
"Q766";"fr";"Jamaïque";"country_name";"NA_JAM";"JAM"
"Q766";"fr";"la Jamaïque";"country_name";"NA_JAM";"JAM"
"Q3805";"fr";"Amman";"capital_city";"CA_JOR";"JOR"
"Q810";"fr";"Jord.";"country_name";"NA_JOR";"JOR"
"Q810";"fr";"Jordanie";"country_name";"NA_JOR";"JOR"
"Q810";"fr";"le Royaume hachémite de Jordanie";"country_name";"NA_JOR";"JOR"
"Q1490";"fr";"métropole de Tokyo";"capital_city";"CA_JPN";"JPN"
"Q1490";"fr";"préfecture de Tokyo";"capital_city";"CA_JPN";"JPN"
"Q1490";"fr";"préfecture métropolitaine de Tokyo";"capital_city";"CA_JPN";"JPN"
"Q1490";"fr";"Tokyo";"capital_city";"CA_JPN";"JPN"
"Q1490";"fr";"Tôkyô";"capital_city";"CA_JPN";"JPN"
"Q1490";"fr";"Tokyo Metropolis";"capital_city";"CA_JPN";"JPN"
"Q1490";"fr";"Tokyo-to";"capital_city";"CA_JPN";"JPN"
"Q1490";"fr";"Tôkyô-to";"capital_city";"CA_JPN";"JPN"
"Q17";"fr";"État du Japon";"country_name";"NA_JPN";"JPN"
"Q17";"fr";"Jap.";"country_name";"NA_JPN";"JPN"
"Q17";"fr";"Japon";"country_name";"NA_JPN";"JPN"
"Q17";"fr";"le Japon";"country_name";"NA_JPN";"JPN"
"Q17";"fr";"pays du soleil levant";"country_name";"NA_JPN";"JPN"
"Q1520";"fr";"Akmola";"capital_city";"CA_KAZ";"KAZ"
"Q1520";"fr";"Akmolinsk";"capital_city";"CA_KAZ";"KAZ"
"Q1520";"fr";"Astana";"capital_city";"CA_KAZ";"KAZ"
"Q1520";"fr";"Noursoultan";"capital_city";"CA_KAZ";"KAZ"
"Q1520";"fr";"Tselinograd";"capital_city";"CA_KAZ";"KAZ"
"Q232";"fr";"Kazakh.";"country_name";"NA_KAZ";"KAZ"
"Q232";"fr";"Kazakhstan";"country_name";"NA_KAZ";"KAZ"
"Q232";"fr";"Kazakstan";"country_name";"NA_KAZ";"KAZ"
"Q232";"fr";"la République du Kazakhstan";"country_name";"NA_KAZ";"KAZ"
"Q232";"fr";"Qazaqstan";"country_name";"NA_KAZ";"KAZ"
"Q114";"fr";"Kenya";"country_name";"NA_KEN";"KEN"
"Q114";"fr";"Kénya";"country_name";"NA_KEN";"KEN"
"Q114";"fr";"la République du Kenya";"country_name";"NA_KEN";"KEN"
"Q3870";"fr";"Nairobi";"capital_city";"CA_KEN";"KEN"
"Q813";"fr";"Kirghizie";"country_name";"NA_KGZ";"KGZ"
"Q813";"fr";"Kirghizistan";"country_name";"NA_KGZ";"KGZ"
"Q813";"fr";"Kirghizstan";"country_name";"NA_KGZ";"KGZ"
"Q813";"fr";"la République kirghize";"country_name";"NA_KGZ";"KGZ"
"Q9361";"fr";"Bichkek";"capital_city";"CA_KGZ";"KGZ"
"Q1850";"fr";"Phnom Penh";"capital_city";"CA_KHM";"KHM"
"Q424";"fr";"Cambodge";"country_name";"NA_KHM";"KHM"
"Q424";"fr";"le Royaume du Cambodge";"country_name";"NA_KHM";"KHM"
"Q424";"fr";"Royaume du Cambodge";"country_name";"NA_KHM";"KHM"
"Q131233";"fr";"Bairiki";"capital_city";"CA_KIR";"KIR"
"Q131233";"fr";"Tarawa sud";"capital_city";"CA_KIR";"KIR"
"Q131233";"fr";"Tarawa-Sud";"capital_city";"CA_KIR";"KIR"
"Q710";"fr";"Îles Gilbert";"country_name";"NA_KIR";"KIR"
"Q710";"fr";"Kiribati";"country_name";"NA_KIR";"KIR"
"Q710";"fr";"la république des Kiribati";"country_name";"NA_KIR";"KIR"
"Q710";"fr";"république des Kiribati";"country_name";"NA_KIR";"KIR"
"Q41295";"fr";"Basseterre";"capital_city";"CA_KNA";"KNA"
"Q763";"fr";"Fédération de Saint-Christophe-et-Niévès";"country_name";"NA_KNA";"KNA"
"Q763";"fr";"la fédération de Saint-Christophe-et-Niévès";"country_name";"NA_KNA";"KNA"
"Q763";"fr";"Saint-Christophe-et-Nevis";"country_name";"NA_KNA";"KNA"
"Q763";"fr";"Saint-Christophe-et-Niévès";"country_name";"NA_KNA";"KNA"
"Q763";"fr";"Saint-Christopher-et-Nevis";"country_name";"NA_KNA";"KNA"
"Q763";"fr";"Saint-Kitts-et-Nevis";"country_name";"NA_KNA";"KNA"
"Q8684";"fr";"Seoul";"capital_city";"CA_KOR";"KOR"
"Q8684";"fr";"Séoul";"capital_city";"CA_KOR";"KOR"
"Q8684";"fr";"Soul";"capital_city";"CA_KOR";"KOR"
"Q8684";"fr";"Ville spéciale de Séoul";"capital_city";"CA_KOR";"KOR"
"Q884";"fr";"Cor. du Sud";"country_name";"NA_KOR";"KOR"
"Q884";"fr";"Corée du Sud";"country_name";"NA_KOR";"KOR"
"Q884";"fr";"Corée Du Sud";"country_name";"NA_KOR";"KOR"
"Q884";"fr";"la République de Corée";"country_name";"NA_KOR";"KOR"
"Q884";"fr";"République de Corée";"country_name";"NA_KOR";"KOR"
"Q1246";"fr";"Kosovo";"country_name";"NA_KOS";"KOS"
"Q1246";"fr";"Kossovo";"country_name";"NA_KOS";"KOS"
"Q1246";"fr";"la République du Kosovo";"country_name";"NA_KOS";"KOS"
"Q25270";"fr";"Prishtina";"capital_city";"CA_KOS";"KOS"
"Q25270";"fr";"Prishtinë";"capital_city";"CA_KOS";"KOS"
"Q25270";"fr";"Pristina";"capital_city";"CA_KOS";"KOS"
"Q25270";"fr";"Priština";"capital_city";"CA_KOS";"KOS"
"Q25270";"fr";"Quartier de Dardania";"capital_city";"CA_KOS";"KOS"
"Q35178";"fr";"Koweit";"capital_city";"CA_KWT";"KWT"
"Q35178";"fr";"Koweit City";"capital_city";"CA_KWT";"KWT"
"Q35178";"fr";"Koweït City";"capital_city";"CA_KWT";"KWT"
"Q35178";"fr";"Kuwait City";"capital_city";"CA_KWT";"KWT"
"Q35178";"fr";"Ville de Koweït";"capital_city";"CA_KWT";"KWT"
"Q817";"fr";"Koweït";"country_name";"NA_KWT";"KWT"
"Q817";"fr";"Koweit (état)";"country_name";"NA_KWT";"KWT"
"Q817";"fr";"Kuwait";"country_name";"NA_KWT";"KWT"
"Q817";"fr";"l État du Koweït";"country_name";"NA_KWT";"KWT"
"Q819";"fr";"la République démocratique populaire lao";"country_name";"NA_LAO";"LAO"
"Q819";"fr";"Laos";"country_name";"NA_LAO";"LAO"
"Q819";"fr";"République populaire démocratique du Laos";"country_name";"NA_LAO";"LAO"
"Q9326";"fr";"Vientiane";"capital_city";"CA_LAO";"LAO"
"Q3820";"fr";"Beyrouth";"capital_city";"CA_LBN";"LBN"
"Q822";"fr";"Liban";"country_name";"NA_LBN";"LBN"
"Q1014";"fr";"la République du Libéria";"country_name";"NA_LBR";"LBR"
"Q1014";"fr";"Liberia";"country_name";"NA_LBR";"LBR"
"Q1014";"fr";"Libéria";"country_name";"NA_LBR";"LBR"
"Q3748";"fr";"Monrovia";"capital_city";"CA_LBR";"LBR"
"Q1016";"fr";"l État de Libye";"country_name";"NA_LBY";"LBY"
"Q1016";"fr";"Libye";"country_name";"NA_LBY";"LBY"
"Q3579";"fr";"Tripoli";"capital_city";"CA_LBY";"LBY"
"Q41699";"fr";"Castries";"capital_city";"CA_LCA";"LCA"
"Q760";"fr";"Sainte-Lucie";"country_name";"NA_LCA";"LCA"
"Q1844";"fr";"Vaduz";"capital_city";"CA_LIE";"LIE"
"Q347";"fr";"la Principauté du Liechtenstein";"country_name";"NA_LIE";"LIE"
"Q347";"fr";"Liechtenstein";"country_name";"NA_LIE";"LIE"
"Q347";"fr";"principauté de Liechtenstein";"country_name";"NA_LIE";"LIE"
"Q35381";"fr";"Colombo";"capital_city";"CA_LKA";"LKA"
"Q854";"fr";"Ceylan";"country_name";"NA_LKA";"LKA"
"Q854";"fr";"île de Ceylan";"country_name";"NA_LKA";"LKA"
"Q854";"fr";"la République socialiste démocratique de Sri Lanka";"country_name";"NA_LKA";"LKA"
"Q854";"fr";"Serendib";"country_name";"NA_LKA";"LKA"
"Q854";"fr";"Sri Lanka";"country_name";"NA_LKA";"LKA"
"Q854";"fr";"Taprobane";"country_name";"NA_LKA";"LKA"
"Q1013";"fr";"le Royaume du Lesotho";"country_name";"NA_LSO";"LSO"
"Q1013";"fr";"Lesotho";"country_name";"NA_LSO";"LSO"
"Q3909";"fr";"Maseru";"capital_city";"CA_LSO";"LSO"
"Q216";"fr";"Vilna";"capital_city";"CA_LTU";"LTU"
"Q216";"fr";"Vilnius";"capital_city";"CA_LTU";"LTU"
"Q216";"fr";"Wilna";"capital_city";"CA_LTU";"LTU"
"Q216";"fr";"Wilne";"capital_city";"CA_LTU";"LTU"
"Q216";"fr";"Wilnja";"capital_city";"CA_LTU";"LTU"
"Q216";"fr";"Wilnjus";"capital_city";"CA_LTU";"LTU"
"Q216";"fr";"Wilno";"capital_city";"CA_LTU";"LTU"
"Q37";"fr";"la République de Lituanie";"country_name";"NA_LTU";"LTU"
"Q37";"fr";"Lithuanie";"country_name";"NA_LTU";"LTU"
"Q37";"fr";"Lituanie";"country_name";"NA_LTU";"LTU"
"Q1842";"fr";"Luxembourg-Ville";"capital_city";"CA_LUX";"LUX"
"Q1842";"fr";"Ville de Luxembourg";"capital_city";"CA_LUX";"LUX"
"Q32";"fr";"Grand-Duché de Luxembourg";"country_name";"NA_LUX";"LUX"
"Q32";"fr";"Grand-duché de Luxembourg";"country_name";"NA_LUX";"LUX"
"Q32";"fr";"grand-duché de Luxembourg";"country_name";"NA_LUX";"LUX"
"Q32";"fr";"le Grand-Duché de Luxembourg";"country_name";"NA_LUX";"LUX"
"Q32";"fr";"Lux.";"country_name";"NA_LUX";"LUX"
"Q32";"fr";"Luxembourg";"country_name";"NA_LUX";"LUX"
"Q1773";"fr";"Riga";"capital_city";"CA_LVA";"LVA"
"Q211";"fr";"la République de Lettonie";"country_name";"NA_LVA";"LVA"
"Q211";"fr";"Lettonie";"country_name";"NA_LVA";"LVA"
"Q1028";"fr";"le Royaume du Maroc";"country_name";"NA_MAR";"MAR"
"Q1028";"fr";"Maroc";"country_name";"NA_MAR";"MAR"
"Q1028";"fr";"Royaume du Maroc";"country_name";"NA_MAR";"MAR"
"Q3551";"fr";"Rabat";"capital_city";"CA_MAR";"MAR"
"Q235";"fr";"Fort-Hercule";"country_name";"NA_MCO";"MCO"
"Q235";"fr";"la Principauté de Monaco";"country_name";"NA_MCO";"MCO"
"Q235";"fr";"Monaco";"country_name";"NA_MCO";"MCO"
"Q235";"fr";"Monaco (rattachée au District de Menton en 1793)";"country_name";"NA_MCO";"MCO"
"Q235";"fr";"Principauté de Monaco";"country_name";"NA_MCO";"MCO"
"Q55115";"fr";"Monaco-Ville";"capital_city";"CA_MCO";"MCO"
"Q21197";"fr";"Capitale de la Moldavie";"capital_city";"CA_MDA";"MDA"
"Q21197";"fr";"Chi<U+0219>inau";"capital_city";"CA_MDA";"MDA"
"Q21197";"fr";"Chisinau";"capital_city";"CA_MDA";"MDA"
"Q21197";"fr";"Kichinev";"capital_city";"CA_MDA";"MDA"
"Q21197";"fr";"Kichiniov";"capital_city";"CA_MDA";"MDA"
"Q21197";"fr";"Kischinev";"capital_city";"CA_MDA";"MDA"
"Q21197";"fr";"Kishinev";"capital_city";"CA_MDA";"MDA"
"Q21197";"fr";"Kishinew";"capital_city";"CA_MDA";"MDA"
"Q21197";"fr";"Kishinyov";"capital_city";"CA_MDA";"MDA"
"Q217";"fr";"la République de Moldavie";"country_name";"NA_MDA";"MDA"
"Q217";"fr";"Moldavie";"country_name";"NA_MDA";"MDA"
"Q217";"fr";"Moldova";"country_name";"NA_MDA";"MDA"
"Q217";"fr";"République de Moldavie";"country_name";"NA_MDA";"MDA"
"Q217";"fr";"République de Moldova";"country_name";"NA_MDA";"MDA"
"Q1019";"fr";"la République de Madagascar";"country_name";"NA_MDG";"MDG"
"Q1019";"fr";"Madagascar";"country_name";"NA_MDG";"MDG"
"Q3915";"fr";"Antananarivo";"capital_city";"CA_MDG";"MDG"
"Q3915";"fr";"Iarivo";"capital_city";"CA_MDG";"MDG"
"Q3915";"fr";"Tananarive";"capital_city";"CA_MDG";"MDG"
"Q826";"fr";"îles Maldives";"country_name";"NA_MDV";"MDV"
"Q826";"fr";"la République des Maldives";"country_name";"NA_MDV";"MDV"
"Q826";"fr";"Maldives";"country_name";"NA_MDV";"MDV"
"Q9347";"fr";"Malé";"capital_city";"CA_MDV";"MDV"
"Q1489";"fr";"Cité de Mexico";"capital_city";"CA_MEX";"MEX"
"Q1489";"fr";"Cité du Mexique";"capital_city";"CA_MEX";"MEX"
"Q1489";"fr";"Ciudad de México";"capital_city";"CA_MEX";"MEX"
"Q1489";"fr";"Mexico";"capital_city";"CA_MEX";"MEX"
"Q1489";"fr";"Mexico City";"capital_city";"CA_MEX";"MEX"
"Q1489";"fr";"ville de Mexico";"capital_city";"CA_MEX";"MEX"
"Q96";"fr";"États-Unis du Mexique";"country_name";"NA_MEX";"MEX"
"Q96";"fr";"États-Unis mexicains";"country_name";"NA_MEX";"MEX"
"Q96";"fr";"Mex.";"country_name";"NA_MEX";"MEX"
"Q96";"fr";"Mexique";"country_name";"NA_MEX";"MEX"
"Q12919";"fr";"Majuro";"capital_city";"CA_MHL";"MHL"
"Q709";"fr";"Îles Marshall";"country_name";"NA_MHL";"MHL"
"Q709";"fr";"la République des Îles Marshall";"country_name";"NA_MHL";"MHL"
"Q709";"fr";"Marshall";"country_name";"NA_MHL";"MHL"
"Q709";"fr";"république des Îles Marshall";"country_name";"NA_MHL";"MHL"
"Q221";"fr";"ARYM";"country_name";"NA_MKD";"MKD"
"Q221";"fr";"FYROM";"country_name";"NA_MKD";"MKD"
"Q221";"fr";"L Ancienne République yougoslave de Macédoine";"country_name";"NA_MKD";"MKD"
"Q221";"fr";"L ex-République yougoslave de Macédoine";"country_name";"NA_MKD";"MKD"
"Q221";"fr";"la République de Macédoine du Nord";"country_name";"NA_MKD";"MKD"
"Q221";"fr";"Macédoine";"country_name";"NA_MKD";"MKD"
"Q221";"fr";"Macédoine du Nord";"country_name";"NA_MKD";"MKD"
"Q221";"fr";"Macédoine Du Nord";"country_name";"NA_MKD";"MKD"
"Q221";"fr";"République de Macédoine";"country_name";"NA_MKD";"MKD"
"Q384";"fr";"Skopié";"capital_city";"CA_MKD";"MKD"
"Q384";"fr";"Skopje";"capital_city";"CA_MKD";"MKD"
"Q3703";"fr";"Bamako";"capital_city";"CA_MLI";"MLI"
"Q912";"fr";"la République du Mali";"country_name";"NA_MLI";"MLI"
"Q912";"fr";"Mali";"country_name";"NA_MLI";"MLI"
"Q912";"fr";"République du Mali";"country_name";"NA_MLI";"MLI"
"Q233";"fr";"la République de Malte";"country_name";"NA_MLT";"MLT"
"Q233";"fr";"Malte";"country_name";"NA_MLT";"MLT"
"Q23800";"fr";"Citta  Umilissima";"capital_city";"CA_MLT";"MLT"
"Q23800";"fr";"Citta Umilissima";"capital_city";"CA_MLT";"MLT"
"Q23800";"fr";"Il-Belt";"capital_city";"CA_MLT";"MLT"
"Q23800";"fr";"La Valette";"capital_city";"CA_MLT";"MLT"
"Q23800";"fr";"La Vallette";"capital_city";"CA_MLT";"MLT"
"Q23800";"fr";"Valletta";"capital_city";"CA_MLT";"MLT"
"Q23800";"fr";"Ville de la Valette";"capital_city";"CA_MLT";"MLT"
"Q37400";"fr";"Nay Pyi Daw";"capital_city";"CA_MMR";"MMR"
"Q37400";"fr";"Naypidaw";"capital_city";"CA_MMR";"MMR"
"Q37400";"fr";"Naypyidaw";"capital_city";"CA_MMR";"MMR"
"Q37400";"fr";"Pyinmana";"capital_city";"CA_MMR";"MMR"
"Q836";"fr";"Birmanie";"country_name";"NA_MMR";"MMR"
"Q836";"fr";"La République de l Union de Birmanie";"country_name";"NA_MMR";"MMR"
"Q836";"fr";"Myanmar";"country_name";"NA_MMR";"MMR"
"Q836";"fr";"République de l Union du Myanmar";"country_name";"NA_MMR";"MMR"
"Q23564";"fr";"Podgorica";"capital_city";"CA_MNE";"MNE"
"Q23564";"fr";"Pogdorica";"capital_city";"CA_MNE";"MNE"
"Q23564";"fr";"Titograd";"capital_city";"CA_MNE";"MNE"
"Q236";"fr";"le Monténégro";"country_name";"NA_MNE";"MNE"
"Q236";"fr";"Montén.";"country_name";"NA_MNE";"MNE"
"Q236";"fr";"Montenegro";"country_name";"NA_MNE";"MNE"
"Q236";"fr";"Monténégro";"country_name";"NA_MNE";"MNE"
"Q23430";"fr";"Ikh khüree";"capital_city";"CA_MNG";"MNG"
"Q23430";"fr";"Niislel khüree";"capital_city";"CA_MNG";"MNG"
"Q23430";"fr";"Nomyn khüree";"capital_city";"CA_MNG";"MNG"
"Q23430";"fr";"Örgöö";"capital_city";"CA_MNG";"MNG"
"Q23430";"fr";"Oulan Bator";"capital_city";"CA_MNG";"MNG"
"Q23430";"fr";"Oulan-Bator";"capital_city";"CA_MNG";"MNG"
"Q23430";"fr";"Oulan-bator";"capital_city";"CA_MNG";"MNG"
"Q23430";"fr";"Ourga";"capital_city";"CA_MNG";"MNG"
"Q23430";"fr";"Ulaan Baatar";"capital_city";"CA_MNG";"MNG"
"Q23430";"fr";"Ulaanbaatar";"capital_city";"CA_MNG";"MNG"
"Q23430";"fr";"Ulan-Bator";"capital_city";"CA_MNG";"MNG"
"Q711";"fr";"Mongol uls";"country_name";"NA_MNG";"MNG"
"Q711";"fr";"Mongolie";"country_name";"NA_MNG";"MNG"
"Q711";"fr";"Mongolie-extérieure";"country_name";"NA_MNG";"MNG"
"Q1029";"fr";"la République du Mozambique";"country_name";"NA_MOZ";"MOZ"
"Q1029";"fr";"Moz.";"country_name";"NA_MOZ";"MOZ"
"Q1029";"fr";"Mozambique";"country_name";"NA_MOZ";"MOZ"
"Q1029";"fr";"république du Mozambique";"country_name";"NA_MOZ";"MOZ"
"Q3889";"fr";"Lourenço Marques";"capital_city";"CA_MOZ";"MOZ"
"Q3889";"fr";"Maputo";"capital_city";"CA_MOZ";"MOZ"
"Q1025";"fr";"la République islamique de Mauritanie";"country_name";"NA_MRT";"MRT"
"Q1025";"fr";"Mauritanie";"country_name";"NA_MRT";"MRT"
"Q1025";"fr";"République islamique de Mauritanie";"country_name";"NA_MRT";"MRT"
"Q3688";"fr";"Nouakchott";"capital_city";"CA_MRT";"MRT"
"Q1027";"fr";"île Maurice";"country_name";"NA_MUS";"MUS"
"Q1027";"fr";"la République de Maurice";"country_name";"NA_MUS";"MUS"
"Q1027";"fr";"Maurice";"country_name";"NA_MUS";"MUS"
"Q1027";"fr";"République de Maurice";"country_name";"NA_MUS";"MUS"
"Q3929";"fr";"Port-Louis";"capital_city";"CA_MUS";"MUS"
"Q3929";"fr";"Port-louis";"capital_city";"CA_MUS";"MUS"
"Q1020";"fr";"la République du Malawi";"country_name";"NA_MWI";"MWI"
"Q1020";"fr";"Malawi";"country_name";"NA_MWI";"MWI"
"Q1020";"fr";"République du Malawi";"country_name";"NA_MWI";"MWI"
"Q3876";"fr";"Lilongwe";"capital_city";"CA_MWI";"MWI"
"Q1865";"fr";"Kuala Lumpur";"capital_city";"CA_MYS";"MYS"
"Q833";"fr";"Fédération de Malaisie";"country_name";"NA_MYS";"MYS"
"Q833";"fr";"Fédération malaise";"country_name";"NA_MYS";"MYS"
"Q833";"fr";"Malaisie";"country_name";"NA_MYS";"MYS"
"Q1030";"fr";"la République de Namibie";"country_name";"NA_NAM";"NAM"
"Q1030";"fr";"Namibie";"country_name";"NA_NAM";"NAM"
"Q1030";"fr";"République de Namibie";"country_name";"NA_NAM";"NAM"
"Q3935";"fr";"Windhoek";"capital_city";"CA_NAM";"NAM"
"Q1032";"fr";"la République du Niger";"country_name";"NA_NER";"NER"
"Q1032";"fr";"Niger";"country_name";"NA_NER";"NER"
"Q1032";"fr";"République du Niger";"country_name";"NA_NER";"NER"
"Q3674";"fr";"Niamey";"capital_city";"CA_NER";"NER"
"Q3674";"fr";"Ville de Niamey";"capital_city";"CA_NER";"NER"
"Q1033";"fr";"la République fédérale du Nigéria";"country_name";"NA_NGA";"NGA"
"Q1033";"fr";"Nigeria";"country_name";"NA_NGA";"NGA"
"Q1033";"fr";"Nigéria";"country_name";"NA_NGA";"NGA"
"Q1033";"fr";"République fédérale du Nigeria";"country_name";"NA_NGA";"NGA"
"Q1033";"fr";"République fédérale du Nigéria";"country_name";"NA_NGA";"NGA"
"Q1033";"fr";"République fédérale nigériane";"country_name";"NA_NGA";"NGA"
"Q3787";"fr";"Abuja";"capital_city";"CA_NGA";"NGA"
"Q3274";"fr";"Managua";"capital_city";"CA_NIC";"NIC"
"Q811";"fr";"la République du Nicaragua";"country_name";"NA_NIC";"NIC"
"Q811";"fr";"Nicaragua";"country_name";"NA_NIC";"NIC"
"Q811";"fr";"République du Nicaragua";"country_name";"NA_NIC";"NIC"
"Q811";"fr";"République nicaraguayenne";"country_name";"NA_NIC";"NIC"
"Q29999";"fr";"Pays-Bas";"country_name";"NA_NLD";"NLD"
"Q29999";"fr";"royaume des Pays Bas";"country_name";"NA_NLD";"NLD"
"Q29999";"fr";"Royaume des Pays-Bas";"country_name";"NA_NLD";"NLD"
"Q727";"fr";"Amsterdam";"capital_city";"CA_NLD";"NLD"
"Q20";"fr";"le Royaume de Norvège";"country_name";"NA_NOR";"NOR"
"Q20";"fr";"Norv.";"country_name";"NA_NOR";"NOR"
"Q20";"fr";"Norvège";"country_name";"NA_NOR";"NOR"
"Q20";"fr";"Royaume de Norvège";"country_name";"NA_NOR";"NOR"
"Q585";"fr";"Christiania";"capital_city";"CA_NOR";"NOR"
"Q585";"fr";"Kristiania";"capital_city";"CA_NOR";"NOR"
"Q585";"fr";"Oslo";"capital_city";"CA_NOR";"NOR"
"Q3037";"fr";"Katmandou";"capital_city";"CA_NPL";"NPL"
"Q837";"fr";"la République démocratique fédérale du Népal";"country_name";"NA_NPL";"NPL"
"Q837";"fr";"Népal";"country_name";"NA_NPL";"NPL"
"Q837";"fr";"République démocratique fédérale du Népal";"country_name";"NA_NPL";"NPL"
"Q31026";"fr";"Jarren";"capital_city";"CA_NRU";"NRU"
"Q31026";"fr";"Makwa";"capital_city";"CA_NRU";"NRU"
"Q31026";"fr";"Yaren";"capital_city";"CA_NRU";"NRU"
"Q697";"fr";"la République de Nauru";"country_name";"NA_NRU";"NRU"
"Q697";"fr";"Nauru";"country_name";"NA_NRU";"NRU"
"Q23661";"fr";"District de Wellington";"capital_city";"CA_NZL";"NZL"
"Q23661";"fr";"Wellington";"capital_city";"CA_NZL";"NZL"
"Q23661";"fr";"Wellington City";"capital_city";"CA_NZL";"NZL"
"Q23661";"fr";"Wellington District";"capital_city";"CA_NZL";"NZL"
"Q664";"fr";"Aotearoa";"country_name";"NA_NZL";"NZL"
"Q664";"fr";"la Nouvelle-Zélande";"country_name";"NA_NZL";"NZL"
"Q664";"fr";"Nouvelle-Zélande";"country_name";"NA_NZL";"NZL"
"Q664";"fr";"Nouvelle-zélande";"country_name";"NA_NZL";"NZL"
"Q3826";"fr";"Mascate";"capital_city";"CA_OMN";"OMN"
"Q3826";"fr";"Masqat";"capital_city";"CA_OMN";"OMN"
"Q3826";"fr";"Muscat";"capital_city";"CA_OMN";"OMN"
"Q842";"fr";"le Sultanat d Oman";"country_name";"NA_OMN";"OMN"
"Q842";"fr";"Oman";"country_name";"NA_OMN";"OMN"
"Q842";"fr";"Sultanat d Oman";"country_name";"NA_OMN";"OMN"
"Q23427";"fr";"Ossétie du Sud-Alanie";"country_name";"NA_OSA";"OSA"
"Q23427";"fr";"Ossetie-du-Sud";"country_name";"NA_OSA";"OSA"
"Q23427";"fr";"Ossétie-du-Sud";"country_name";"NA_OSA";"OSA"
"Q23427";"fr";"République d Ossétie du Sud";"country_name";"NA_OSA";"OSA"
"Q79863";"fr";"Chreba";"capital_city";"CA_OSA";"OSA"
"Q79863";"fr";"Staliniri";"capital_city";"CA_OSA";"OSA"
"Q79863";"fr";"Tshinvali";"capital_city";"CA_OSA";"OSA"
"Q79863";"fr";"Tskhinval";"capital_city";"CA_OSA";"OSA"
"Q79863";"fr";"Tskhinvali";"capital_city";"CA_OSA";"OSA"
"Q1362";"fr";"Islamabad";"capital_city";"CA_PAK";"PAK"
"Q843";"fr";"la République islamique du Pakistan";"country_name";"NA_PAK";"PAK"
"Q843";"fr";"Pakistan";"country_name";"NA_PAK";"PAK"
"Q843";"fr";"République islamique du Pakistan";"country_name";"NA_PAK";"PAK"
"Q804";"fr";"la République du Panama";"country_name";"NA_PAN";"PAN"
"Q804";"fr";"Panama";"country_name";"NA_PAN";"PAN"
"Q804";"fr";"République de Panama";"country_name";"NA_PAN";"PAN"
"Q2868";"fr";"Lima";"capital_city";"CA_PER";"PER"
"Q419";"fr";"Pérou";"country_name";"NA_PER";"PER"
"Q419";"fr";"République du Pérou";"country_name";"NA_PER";"PER"
"Q1461";"fr";"Manille";"capital_city";"CA_PHL";"PHL"
"Q1461";"fr";"Ville de Manille";"capital_city";"CA_PHL";"PHL"
"Q928";"fr";"Îles Philippines";"country_name";"NA_PHL";"PHL"
"Q928";"fr";"la République des Philippines";"country_name";"NA_PHL";"PHL"
"Q928";"fr";"Phil.";"country_name";"NA_PHL";"PHL"
"Q928";"fr";"Philippines";"country_name";"NA_PHL";"PHL"
"Q928";"fr";"République des Philippines";"country_name";"NA_PHL";"PHL"
"Q515229";"fr";"Ngerulmud";"capital_city";"CA_PLW";"PLW"
"Q695";"fr";"Belau";"country_name";"NA_PLW";"PLW"
"Q695";"fr";"la République des Palaos";"country_name";"NA_PLW";"PLW"
"Q695";"fr";"Palaos";"country_name";"NA_PLW";"PLW"
"Q695";"fr";"Palau";"country_name";"NA_PLW";"PLW"
"Q36526";"fr";"Port Moresby";"capital_city";"CA_PNG";"PNG"
"Q36526";"fr";"Port-Moresby";"capital_city";"CA_PNG";"PNG"
"Q36526";"fr";"Pot Mosbi";"capital_city";"CA_PNG";"PNG"
"Q691";"fr";"État indépendant de Papouasie-Nouvelle-Guinée";"country_name";"NA_PNG";"PNG"
"Q691";"fr";"l État indépendant de Papouasie- Nouvelle-Guinée";"country_name";"NA_PNG";"PNG"
"Q691";"fr";"Papouasie-nouvelle- Guinée";"country_name";"NA_PNG";"PNG"
"Q691";"fr";"Papouasie-Nouvelle-Guinée";"country_name";"NA_PNG";"PNG"
"Q270";"fr";"Varsovie";"capital_city";"CA_POL";"POL"
"Q36";"fr";"la République de Pologne";"country_name";"NA_POL";"POL"
"Q36";"fr";"Pol.";"country_name";"NA_POL";"POL"
"Q36";"fr";"Pologne";"country_name";"NA_POL";"POL"
"Q36";"fr";"République de Pologne";"country_name";"NA_POL";"POL"
"Q36";"fr";"République polonaise";"country_name";"NA_POL";"POL"
"Q18808";"fr";"P yongyang";"capital_city";"CA_PRK";"PRK"
"Q18808";"fr";"Phyongyang";"capital_city";"CA_PRK";"PRK"
"Q18808";"fr";"Pyeongyang";"capital_city";"CA_PRK";"PRK"
"Q18808";"fr";"Pyongyang";"capital_city";"CA_PRK";"PRK"
"Q423";"fr";"Corée du Nord";"country_name";"NA_PRK";"PRK"
"Q423";"fr";"Corée Du Nord";"country_name";"NA_PRK";"PRK"
"Q423";"fr";"la République populaire démocratique de Corée";"country_name";"NA_PRK";"PRK"
"Q423";"fr";"République populaire de Corée";"country_name";"NA_PRK";"PRK"
"Q423";"fr";"République populaire démocratique de Corée";"country_name";"NA_PRK";"PRK"
"Q423";"fr";"RPDC";"country_name";"NA_PRK";"PRK"
"Q45";"fr";"la République portugaise";"country_name";"NA_PRT";"PRT"
"Q45";"fr";"Portugal";"country_name";"NA_PRT";"PRT"
"Q597";"fr";"Lisboa";"capital_city";"CA_PRT";"PRT"
"Q597";"fr";"Lisbonne";"capital_city";"CA_PRT";"PRT"
"Q2933";"fr";"Assomption";"capital_city";"CA_PRY";"PRY"
"Q2933";"fr";"Asuncion";"capital_city";"CA_PRY";"PRY"
"Q2933";"fr";"Asunción";"capital_city";"CA_PRY";"PRY"
"Q733";"fr";"Cœur de l Amérique du Sud";"country_name";"NA_PRY";"PRY"
"Q733";"fr";"la République du Paraguay";"country_name";"NA_PRY";"PRY"
"Q733";"fr";"Paraguay";"country_name";"NA_PRY";"PRY"
"Q733";"fr";"République du Paraguay";"country_name";"NA_PRY";"PRY"
"Q158119";"fr";"Ramallah";"capital_city";"CA_PSE";"PSE"
"Q36678";"fr";"Cisjordanie";"country_name";"NA_PSE";"PSE"
"Q36678";"fr";"Cisjordanie occupée";"country_name";"NA_PSE";"PSE"
"Q36678";"fr";"Judée et Samarie";"country_name";"NA_PSE";"PSE"
"Q36678";"fr";"Judée-Samarie";"country_name";"NA_PSE";"PSE"
"Q39760";"fr";"bande de Gaza";"country_name";"NA_PSE";"PSE"
"Q407199";"fr";"Cisjordanie et Gaza";"country_name";"NA_PSE";"PSE"
"Q407199";"fr";"Territoire palestinien occupé";"country_name";"NA_PSE";"PSE"
"Q407199";"fr";"Territoires palestiniens";"country_name";"NA_PSE";"PSE"
"Q407199";"fr";"Territoires palestiniens occupés";"country_name";"NA_PSE";"PSE"
"Q47492";"fr";"Azza";"capital_city";"CA_PSE";"PSE"
"Q47492";"fr";"Gaza";"capital_city";"CA_PSE";"PSE"
"Q47492";"fr";"Gaza City";"capital_city";"CA_PSE";"PSE"
"Q47492";"fr";"ville de Gaza";"capital_city";"CA_PSE";"PSE"
"Q3861";"fr";"Doha";"capital_city";"CA_QAT";"QAT"
"Q846";"fr";"Katar";"country_name";"NA_QAT";"QAT"
"Q846";"fr";"l État du Qatar";"country_name";"NA_QAT";"QAT"
"Q846";"fr";"Qatar";"country_name";"NA_QAT";"QAT"
"Q19660";"fr";"Bucarest";"capital_city";"CA_ROU";"ROU"
"Q19660";"fr";"Bucharest";"capital_city";"CA_ROU";"ROU"
"Q19660";"fr";"Bucuresti";"capital_city";"CA_ROU";"ROU"
"Q19660";"fr";"Capitale de la Roumanie";"capital_city";"CA_ROU";"ROU"
"Q19660";"fr";"Municipalité de Bucarest";"capital_city";"CA_ROU";"ROU"
"Q218";"fr";"la Roumanie";"country_name";"NA_ROU";"ROU"
"Q218";"fr";"Roum.";"country_name";"NA_ROU";"ROU"
"Q218";"fr";"Roumanie";"country_name";"NA_ROU";"ROU"
"Q159";"fr";"Fédération de Russie";"country_name";"NA_RUS";"RUS"
"Q159";"fr";"Rus.";"country_name";"NA_RUS";"RUS"
"Q159";"fr";"Russie";"country_name";"NA_RUS";"RUS"
"Q649";"fr";"Moscou";"capital_city";"CA_RUS";"RUS"
"Q1037";"fr";"la République du Rwanda";"country_name";"NA_RWA";"RWA"
"Q1037";"fr";"République Rwandaise";"country_name";"NA_RWA";"RWA"
"Q1037";"fr";"Rwanda";"country_name";"NA_RWA";"RWA"
"Q3859";"fr";"Kigali";"capital_city";"CA_RWA";"RWA"
"Q3692";"fr";"Riyad";"capital_city";"CA_SAU";"SAU"
"Q851";"fr";"Arabie saoudite";"country_name";"NA_SAU";"SAU"
"Q851";"fr";"Arabie Saoudite";"country_name";"NA_SAU";"SAU"
"Q851";"fr";"Arabie séoudite";"country_name";"NA_SAU";"SAU"
"Q851";"fr";"Arabie Séoudite";"country_name";"NA_SAU";"SAU"
"Q851";"fr";"le Royaume d Arabie saoudite";"country_name";"NA_SAU";"SAU"
"Q851";"fr";"Royaume d Arabie saoudite";"country_name";"NA_SAU";"SAU"
"Q1049";"fr";"la République du Soudan";"country_name";"NA_SDN";"SDN"
"Q1049";"fr";"Soudan";"country_name";"NA_SDN";"SDN"
"Q1963";"fr";"Khartoum";"capital_city";"CA_SDN";"SDN"
"Q1041";"fr";"la République du Sénégal";"country_name";"NA_SEN";"SEN"
"Q1041";"fr";"république du Sénégal";"country_name";"NA_SEN";"SEN"
"Q1041";"fr";"Sén.";"country_name";"NA_SEN";"SEN"
"Q1041";"fr";"Sénégal";"country_name";"NA_SEN";"SEN"
"Q3718";"fr";"Dakar";"capital_city";"CA_SEN";"SEN"
"Q334";"fr";"République de Singapour";"capital_city";"CA_SGP";"SGP"
"Q334";"fr";"République de Singapour";"country_name";"NA_SGP";"SGP"
"Q334";"fr";"Singapour";"capital_city";"CA_SGP";"SGP"
"Q334";"fr";"Singapour";"country_name";"NA_SGP";"SGP"
"Q40921";"fr";"Honiara";"capital_city";"CA_SLB";"SLB"
"Q685";"fr";"Îles Salomon";"country_name";"NA_SLB";"SLB"
"Q685";"fr";"îles Salomon";"country_name";"NA_SLB";"SLB"
"Q685";"fr";"les Îles Salomon";"country_name";"NA_SLB";"SLB"
"Q685";"fr";"Salomon";"country_name";"NA_SLB";"SLB"
"Q1044";"fr";"la République de Sierra Leone";"country_name";"NA_SLE";"SLE"
"Q1044";"fr";"Sierra Leone";"country_name";"NA_SLE";"SLE"
"Q3780";"fr";"Freetown";"capital_city";"CA_SLE";"SLE"
"Q3110";"fr";"San Salvador";"capital_city";"CA_SLV";"SLV"
"Q792";"fr";"El Salvador";"country_name";"NA_SLV";"SLV"
"Q792";"fr";"la République du Salvador";"country_name";"NA_SLV";"SLV"
"Q792";"fr";"Salvador";"country_name";"NA_SLV";"SLV"
"Q238";"fr";"la République de Saint-Marin";"country_name";"NA_SMR";"SMR"
"Q238";"fr";"République de Saint-Marin";"country_name";"NA_SMR";"SMR"
"Q238";"fr";"Saint-Marin";"country_name";"NA_SMR";"SMR"
"Q238";"fr";"Saint-marin";"country_name";"NA_SMR";"SMR"
"Q1045";"fr";"la République fédérale de Somalie";"country_name";"NA_SOM";"SOM"
"Q1045";"fr";"Somalie";"country_name";"NA_SOM";"SOM"
"Q2449";"fr";"Mogadiscio";"capital_city";"CA_SOM";"SOM"
"Q3711";"fr";"Belgrade";"capital_city";"CA_SRB";"SRB"
"Q403";"fr";"la République de Serbie";"country_name";"NA_SRB";"SRB"
"Q403";"fr";"Serbie";"country_name";"NA_SRB";"SRB"
"Q1947";"fr";"Djouba";"capital_city";"CA_SSD";"SSD"
"Q958";"fr";"la République du Soudan du Sud";"country_name";"NA_SSD";"SSD"
"Q958";"fr";"République du Soudan du Sud";"country_name";"NA_SSD";"SSD"
"Q958";"fr";"Soudan du Sud";"country_name";"NA_SSD";"SSD"
"Q958";"fr";"Soudan Du Sud";"country_name";"NA_SSD";"SSD"
"Q958";"fr";"Sud-Soudan";"country_name";"NA_SSD";"SSD"
"Q1039";"fr";"la République démocratique de Sao Tomé-et-Principe";"country_name";"NA_STP";"STP"
"Q1039";"fr";"Saint-Thomas-et-Île-du-Prince";"country_name";"NA_STP";"STP"
"Q1039";"fr";"Saint-Thomas-et-Prince";"country_name";"NA_STP";"STP"
"Q1039";"fr";"São Tomé e Príncipe";"country_name";"NA_STP";"STP"
"Q1039";"fr";"São Tomé et Príncipe";"country_name";"NA_STP";"STP"
"Q1039";"fr";"Sao Tomé-et-Pr.";"country_name";"NA_STP";"STP"
"Q1039";"fr";"Sao Tomé-et-Principe";"country_name";"NA_STP";"STP"
"Q1039";"fr";"Sao Tomé-et-principe";"country_name";"NA_STP";"STP"
"Q3932";"fr";"Saint-Thomas";"capital_city";"CA_STP";"STP"
"Q3932";"fr";"Sao Tomé";"capital_city";"CA_STP";"STP"
"Q3932";"fr";"São Tomé";"capital_city";"CA_STP";"STP"
"Q3001";"fr";"Paramaribo";"capital_city";"CA_SUR";"SUR"
"Q730";"fr";"République du Surinam";"country_name";"NA_SUR";"SUR"
"Q730";"fr";"République du Suriname";"country_name";"NA_SUR";"SUR"
"Q730";"fr";"Surinam";"country_name";"NA_SUR";"SUR"
"Q730";"fr";"Suriname";"country_name";"NA_SUR";"SUR"
"Q1780";"fr";"Bratislava";"capital_city";"CA_SVK";"SVK"
"Q1780";"fr";"Posonie";"capital_city";"CA_SVK";"SVK"
"Q1780";"fr";"Pozsony (hu)";"capital_city";"CA_SVK";"SVK"
"Q1780";"fr";"Presbourg";"capital_city";"CA_SVK";"SVK"
"Q214";"fr";"la République slovaque";"country_name";"NA_SVK";"SVK"
"Q214";"fr";"République slovaque";"country_name";"NA_SVK";"SVK"
"Q214";"fr";"Slovaquie";"country_name";"NA_SVK";"SVK"
"Q215";"fr";"la République de Slovénie";"country_name";"NA_SVN";"SVN"
"Q215";"fr";"République de Slovénie";"country_name";"NA_SVN";"SVN"
"Q215";"fr";"Slovénie";"country_name";"NA_SVN";"SVN"
"Q437";"fr";"Aemona";"capital_city";"CA_SVN";"SVN"
"Q437";"fr";"Laibach";"capital_city";"CA_SVN";"SVN"
"Q437";"fr";"Laybach";"capital_city";"CA_SVN";"SVN"
"Q437";"fr";"Lioubiana";"capital_city";"CA_SVN";"SVN"
"Q437";"fr";"Lioubliana";"capital_city";"CA_SVN";"SVN"
"Q437";"fr";"Ljubljana";"capital_city";"CA_SVN";"SVN"
"Q437";"fr";"Loubiana";"capital_city";"CA_SVN";"SVN"
"Q1754";"fr";"STHLM";"capital_city";"CA_SWE";"SWE"
"Q1754";"fr";"Stockholm";"capital_city";"CA_SWE";"SWE"
"Q34";"fr";"le Royaume de Suède";"country_name";"NA_SWE";"SWE"
"Q34";"fr";"Suède";"country_name";"NA_SWE";"SWE"
"Q1050";"fr";"Eswatini";"country_name";"NA_SWZ";"SWZ"
"Q1050";"fr";"Ngwané";"country_name";"NA_SWZ";"SWZ"
"Q1050";"fr";"Royaume d Eswatini";"country_name";"NA_SWZ";"SWZ"
"Q1050";"fr";"Royaume du Swaziland";"country_name";"NA_SWZ";"SWZ"
"Q3904";"fr";"Mbabane";"capital_city";"CA_SWZ";"SWZ"
"Q1042";"fr";"la République des Seychelles";"country_name";"NA_SYC";"SYC"
"Q1042";"fr";"Repiblik Sesel";"country_name";"NA_SYC";"SYC"
"Q1042";"fr";"République des Seychelles";"country_name";"NA_SYC";"SYC"
"Q1042";"fr";"Seychelles";"country_name";"NA_SYC";"SYC"
"Q3940";"fr";"Victoria";"capital_city";"CA_SYC";"SYC"
"Q3766";"fr";"Damas";"capital_city";"CA_SYR";"SYR"
"Q3766";"fr";"Dimashq";"capital_city";"CA_SYR";"SYR"
"Q3766";"fr";"Dimashq ach-Cham";"capital_city";"CA_SYR";"SYR"
"Q858";"fr";"République arabe syrienne";"country_name";"NA_SYR";"SYR"
"Q858";"fr";"Syrie";"country_name";"NA_SYR";"SYR"
"Q3659";"fr";"N Djaména";"capital_city";"CA_TCD";"TCD"
"Q3659";"fr";"Ndjamena";"capital_city";"CA_TCD";"TCD"
"Q657";"fr";"la République du Tchad";"country_name";"NA_TCD";"TCD"
"Q657";"fr";"République du Tchad";"country_name";"NA_TCD";"TCD"
"Q657";"fr";"Tchad";"country_name";"NA_TCD";"TCD"
"Q3792";"fr";"Lomé";"capital_city";"CA_TGO";"TGO"
"Q945";"fr";"la République togolaise";"country_name";"NA_TGO";"TGO"
"Q945";"fr";"République togolaise";"country_name";"NA_TGO";"TGO"
"Q945";"fr";"Togo";"country_name";"NA_TGO";"TGO"
"Q1861";"fr";"Bangkok";"capital_city";"CA_THA";"THA"
"Q1861";"fr";"Krung Thep";"capital_city";"CA_THA";"THA"
"Q1861";"fr";"Krung Thep Maha Nakhon";"capital_city";"CA_THA";"THA"
"Q1861";"fr";"Krungthepmahanakhon Amonrattanakosin Mahintharayutthaya Mahadilokphop Noppharatratchathaniburirom Udomratchaniwetmahasathan Amonphimanawatansathit Sakkathattiyawitsanukamprasit";"capital_city";"CA_THA";"THA"
"Q869";"fr";"Royaume de Thailande";"country_name";"NA_THA";"THA"
"Q869";"fr";"Royaume de Thaïlande";"country_name";"NA_THA";"THA"
"Q869";"fr";"Siam";"country_name";"NA_THA";"THA"
"Q869";"fr";"Thaïl";"country_name";"NA_THA";"THA"
"Q869";"fr";"Thaïl.";"country_name";"NA_THA";"THA"
"Q869";"fr";"Thailande";"country_name";"NA_THA";"THA"
"Q869";"fr";"Thaïlande";"country_name";"NA_THA";"THA"
"Q863";"fr";"la République du Tadjikistan";"country_name";"NA_TJK";"TJK"
"Q863";"fr";"Tadjikistan";"country_name";"NA_TJK";"TJK"
"Q9365";"fr";"Douchanbé";"capital_city";"CA_TJK";"TJK"
"Q9365";"fr";"Stalinabad";"capital_city";"CA_TJK";"TJK"
"Q23438";"fr";"Achgabad";"capital_city";"CA_TKM";"TKM"
"Q23438";"fr";"Achgabat";"capital_city";"CA_TKM";"TKM"
"Q23438";"fr";"Achkabad";"capital_city";"CA_TKM";"TKM"
"Q23438";"fr";"Achkhabad";"capital_city";"CA_TKM";"TKM"
"Q23438";"fr";"Asgabat";"capital_city";"CA_TKM";"TKM"
"Q23438";"fr";"Ashgabad";"capital_city";"CA_TKM";"TKM"
"Q23438";"fr";"Ashgabat";"capital_city";"CA_TKM";"TKM"
"Q23438";"fr";"Ashkabad";"capital_city";"CA_TKM";"TKM"
"Q23438";"fr";"Ashkhabad";"capital_city";"CA_TKM";"TKM"
"Q23438";"fr";"Poltoratsk";"capital_city";"CA_TKM";"TKM"
"Q874";"fr";"Turkménie";"country_name";"NA_TKM";"TKM"
"Q874";"fr";"Turkménistan";"country_name";"NA_TKM";"TKM"
"Q574";"fr";"la République démocratique du Timor oriental";"country_name";"NA_TLS";"TLS"
"Q574";"fr";"République démocratique du Timor oriental";"country_name";"NA_TLS";"TLS"
"Q574";"fr";"République démocratique du Timor-Leste";"country_name";"NA_TLS";"TLS"
"Q574";"fr";"République démocratique du Timor-Oriental";"country_name";"NA_TLS";"TLS"
"Q574";"fr";"Timor oriental";"country_name";"NA_TLS";"TLS"
"Q574";"fr";"Timor Oriental";"country_name";"NA_TLS";"TLS"
"Q574";"fr";"Timor-Leste";"country_name";"NA_TLS";"TLS"
"Q574";"fr";"Timor-Oriental";"country_name";"NA_TLS";"TLS"
"Q9310";"fr";"Dili";"capital_city";"CA_TLS";"TLS"
"Q38834";"fr";"Nuku alofa";"capital_city";"CA_TON";"TON"
"Q38834";"fr";"Nuku<U+02BB>alofa";"capital_city";"CA_TON";"TON"
"Q38834";"fr";"Nukualofa";"capital_city";"CA_TON";"TON"
"Q678";"fr";"le Royaume des Tonga";"country_name";"NA_TON";"TON"
"Q678";"fr";"Tonga";"country_name";"NA_TON";"TON"
"Q39178";"fr";"Port d Espagne";"capital_city";"CA_TTO";"TTO"
"Q39178";"fr";"Port of Spain";"capital_city";"CA_TTO";"TTO"
"Q39178";"fr";"Port-d Espagne";"capital_city";"CA_TTO";"TTO"
"Q39178";"fr";"Port-d espagne";"capital_city";"CA_TTO";"TTO"
"Q39178";"fr";"Port-of-Spain";"capital_city";"CA_TTO";"TTO"
"Q39178";"fr";"TTPP";"capital_city";"CA_TTO";"TTO"
"Q754";"fr";"la République de Trinité-et-Tobago";"country_name";"NA_TTO";"TTO"
"Q754";"fr";"République de Trinité-et-Tobago";"country_name";"NA_TTO";"TTO"
"Q754";"fr";"Trinidad and Tobago";"country_name";"NA_TTO";"TTO"
"Q754";"fr";"Trinité et Tobago";"country_name";"NA_TTO";"TTO"
"Q754";"fr";"Trinité-et-Tobago";"country_name";"NA_TTO";"TTO"
"Q754";"fr";"Trinité-et-tobago";"country_name";"NA_TTO";"TTO"
"Q3572";"fr";"Tunis";"capital_city";"CA_TUN";"TUN"
"Q948";"fr";"République tunisienne";"country_name";"NA_TUN";"TUN"
"Q948";"fr";"Tun.";"country_name";"NA_TUN";"TUN"
"Q948";"fr";"Tunisie";"country_name";"NA_TUN";"TUN"
"Q3640";"fr";"Ankara";"capital_city";"CA_TUR";"TUR"
"Q43";"fr";"la République de Turquie";"country_name";"NA_TUR";"TUR"
"Q43";"fr";"République de Turquie";"country_name";"NA_TUR";"TUR"
"Q43";"fr";"République turque";"country_name";"NA_TUR";"TUR"
"Q43";"fr";"Turq.";"country_name";"NA_TUR";"TUR"
"Q43";"fr";"Turquie";"country_name";"NA_TUR";"TUR"
"Q34126";"fr";"Funafuti";"capital_city";"CA_TUV";"TUV"
"Q34126";"fr";"Vaiaku";"capital_city";"CA_TUV";"TUV"
"Q672";"fr";"État des Tuvalu";"country_name";"NA_TUV";"TUV"
"Q672";"fr";"les Tuvalu";"country_name";"NA_TUV";"TUV"
"Q672";"fr";"Tuvalu";"country_name";"NA_TUV";"TUV"
"Q1867";"fr";"Taibei";"capital_city";"CA_TWN";"TWN"
"Q1867";"fr";"Taipei";"capital_city";"CA_TWN";"TWN"
"Q865";"fr";"Chine nationaliste";"country_name";"NA_TWN";"TWN"
"Q865";"fr";"république de Chine";"country_name";"NA_TWN";"TWN"
"Q865";"fr";"république nationaliste de Chine";"country_name";"NA_TWN";"TWN"
"Q865";"fr";"Taiwan";"country_name";"NA_TWN";"TWN"
"Q865";"fr";"Taïwan";"country_name";"NA_TWN";"TWN"
"Q3866";"fr";"Dodoma";"capital_city";"CA_TZA";"TZA"
"Q924";"fr";"la République unie de Tanzanie";"country_name";"NA_TZA";"TZA"
"Q924";"fr";"République unie de Tanzanie";"country_name";"NA_TZA";"TZA"
"Q924";"fr";"République-unie de Tanzanie";"country_name";"NA_TZA";"TZA"
"Q924";"fr";"Tanzanie";"country_name";"NA_TZA";"TZA"
"Q1036";"fr";"Ouganda";"country_name";"NA_UGA";"UGA"
"Q1036";"fr";"République d Ouganda";"country_name";"NA_UGA";"UGA"
"Q3894";"fr";"Kampala";"capital_city";"CA_UGA";"UGA"
"Q1899";"fr";"Kiev";"capital_city";"CA_UKR";"UKR"
"Q1899";"fr";"Kyiv";"capital_city";"CA_UKR";"UKR"
"Q212";"fr";"Ukr.";"country_name";"NA_UKR";"UKR"
"Q212";"fr";"Ukraine";"country_name";"NA_UKR";"UKR"
"Q1335";"fr";"Montevideo";"capital_city";"CA_URY";"URY"
"Q1335";"fr";"San Felipe y Santiago de Montevideo";"capital_city";"CA_URY";"URY"
"Q77";"fr";"la République orientale de l Uruguay";"country_name";"NA_URY";"URY"
"Q77";"fr";"Uruguay";"country_name";"NA_URY";"URY"
"Q30";"fr";"Amérique";"country_name";"NA_USA";"USA"
"Q30";"fr";"É-U.";"country_name";"NA_USA";"USA"
"Q30";"fr";"E.-U.";"country_name";"NA_USA";"USA"
"Q30";"fr";"É.-U.";"country_name";"NA_USA";"USA"
"Q30";"fr";"É.U.";"country_name";"NA_USA";"USA"
"Q30";"fr";"Etats-Unis";"country_name";"NA_USA";"USA"
"Q30";"fr";"États-Unis";"country_name";"NA_USA";"USA"
"Q30";"fr";"États-unis";"country_name";"NA_USA";"USA"
"Q30";"fr";"États-Unis d Amérique";"country_name";"NA_USA";"USA"
"Q30";"fr";"Les États";"country_name";"NA_USA";"USA"
"Q30";"fr";"les États-Unis d Amérique";"country_name";"NA_USA";"USA"
"Q30";"fr";"Oncle Sam";"country_name";"NA_USA";"USA"
"Q30";"fr";"pays de l Oncle Sam";"country_name";"NA_USA";"USA"
"Q30";"fr";"States";"country_name";"NA_USA";"USA"
"Q30";"fr";"USA";"country_name";"NA_USA";"USA"
"Q61";"fr";"Washington";"capital_city";"CA_USA";"USA"
"Q61";"fr";"Washington D.C.";"capital_city";"CA_USA";"USA"
"Q61";"fr";"Washington DC";"capital_city";"CA_USA";"USA"
"Q61";"fr";"Washington, D.C.";"capital_city";"CA_USA";"USA"
"Q61";"fr";"Washington, district de Columbia";"capital_city";"CA_USA";"USA"
"Q265";"fr";"la République d Ouzbékistan";"country_name";"NA_UZB";"UZB"
"Q265";"fr";"Ouzbékistan";"country_name";"NA_UZB";"UZB"
"Q269";"fr";"Tachkent";"capital_city";"CA_UZB";"UZB"
"Q159583";"fr";"Chaire de Pierre";"country_name";"NA_VAT";"VAT"
"Q159583";"fr";"Saint siege";"country_name";"NA_VAT";"VAT"
"Q159583";"fr";"Saint Siège";"country_name";"NA_VAT";"VAT"
"Q159583";"fr";"Saint-Siege";"country_name";"NA_VAT";"VAT"
"Q159583";"fr";"Saint-Siège";"country_name";"NA_VAT";"VAT"
"Q159583";"fr";"Saint-Siège de Rome";"country_name";"NA_VAT";"VAT"
"Q159583";"fr";"Sancta Sedes";"country_name";"NA_VAT";"VAT"
"Q159583";"fr";"Santa Sede";"country_name";"NA_VAT";"VAT"
"Q159583";"fr";"Siège de Pierre";"country_name";"NA_VAT";"VAT"
"Q159583";"fr";"Siège pontifical";"country_name";"NA_VAT";"VAT"
"Q237";"fr";"Cité du Vatican";"country_name";"NA_VAT";"VAT"
"Q237";"fr";"Cité du Vatican";"capital_city";"CA_VAT";"VAT"
"Q237";"fr";"État de la Cité du Vatican";"country_name";"NA_VAT";"VAT"
"Q237";"fr";"État de la Cité du Vatican";"capital_city";"CA_VAT";"VAT"
"Q237";"fr";"Vatican";"country_name";"NA_VAT";"VAT"
"Q237";"fr";"Vatican";"capital_city";"CA_VAT";"VAT"
"Q41474";"fr";"Kingstown";"capital_city";"CA_VCT";"VCT"
"Q757";"fr";"Saint-Vincent-et-les-Grenadines";"country_name";"NA_VCT";"VCT"
"Q1533";"fr";"Caracas";"capital_city";"CA_VEN";"VEN"
"Q717";"fr";"la République bolivarienne du Vénézuéla";"country_name";"NA_VEN";"VEN"
"Q717";"fr";"République bolivarienne du Venezuela";"country_name";"NA_VEN";"VEN"
"Q717";"fr";"Venezuela";"country_name";"NA_VEN";"VEN"
"Q717";"fr";"Vénézuela";"country_name";"NA_VEN";"VEN"
"Q717";"fr";"Vénézuéla";"country_name";"NA_VEN";"VEN"
"Q1858";"fr";"Hà N<U+1ED9>i";"capital_city";"CA_VNM";"VNM"
"Q1858";"fr";"Hanoi";"capital_city";"CA_VNM";"VNM"
"Q1858";"fr";"Hanoï";"capital_city";"CA_VNM";"VNM"
"Q881";"fr";"la République socialiste du Vietnam";"country_name";"NA_VNM";"VNM"
"Q881";"fr";"Vi<U+1EC7>t Nam";"country_name";"NA_VNM";"VNM"
"Q881";"fr";"Viet Nam";"country_name";"NA_VNM";"VNM"
"Q881";"fr";"Viêt Nam";"country_name";"NA_VNM";"VNM"
"Q881";"fr";"Viet-Nam";"country_name";"NA_VNM";"VNM"
"Q881";"fr";"Viêt-Nam";"country_name";"NA_VNM";"VNM"
"Q881";"fr";"Vietnam";"country_name";"NA_VNM";"VNM"
"Q881";"fr";"Viêtnam";"country_name";"NA_VNM";"VNM"
"Q37806";"fr";"Port Vila";"capital_city";"CA_VUT";"VUT"
"Q37806";"fr";"Port-Vila";"capital_city";"CA_VUT";"VUT"
"Q37806";"fr";"Port-vila";"capital_city";"CA_VUT";"VUT"
"Q686";"fr";"la République du Vanuatu";"country_name";"NA_VUT";"VUT"
"Q686";"fr";"République de Vanuatu";"country_name";"NA_VUT";"VUT"
"Q686";"fr";"Vanuatu";"country_name";"NA_VUT";"VUT"
"Q36260";"fr";"Apia";"capital_city";"CA_WSM";"WSM"
"Q36260";"fr";"Faleolo";"capital_city";"CA_WSM";"WSM"
"Q683";"fr";"l État indépendant des Samoa";"country_name";"NA_WSM";"WSM"
"Q683";"fr";"Samoa";"country_name";"NA_WSM";"WSM"
"Q683";"fr";"Samoa occidentales";"country_name";"NA_WSM";"WSM"
"Q2471";"fr";"Sanaa";"capital_city";"CA_YEM";"YEM"
"Q805";"fr";"la République du Yémen";"country_name";"NA_YEM";"YEM"
"Q805";"fr";"Yémen";"country_name";"NA_YEM";"YEM"
"Q258";"fr";"Afrique du Sud";"country_name";"NA_ZAF";"ZAF"
"Q258";"fr";"République d Afrique du Sud";"country_name";"NA_ZAF";"ZAF"
"Q258";"fr";"république d Afrique du Sud";"country_name";"NA_ZAF";"ZAF"
"Q258";"fr";"République sud-africaine";"country_name";"NA_ZAF";"ZAF"
"Q258";"fr";"république sud-africaine";"country_name";"NA_ZAF";"ZAF"
"Q3926";"fr";"Pretoria";"capital_city";"CA_ZAF";"ZAF"
"Q3881";"fr";"Lusaka";"capital_city";"CA_ZMB";"ZMB"
"Q953";"fr";"la République de Zambie";"country_name";"NA_ZMB";"ZMB"
"Q953";"fr";"Zambie";"country_name";"NA_ZMB";"ZMB"
"Q3921";"fr";"Harare";"capital_city";"CA_ZWE";"ZWE"
"Q954";"fr";"la République du Zimbabwe";"country_name";"NA_ZWE";"ZWE"
"Q954";"fr";"Zimbabwe";"country_name";"NA_ZWE";"ZWE"
